date                   ,end_date               ,label
2020-03-11 15:19:38.911,2020-03-11 15:20:16.042,Salon
2020-03-11 15:22:31.577,2020-03-11 15:27:28.728,Coin cuisine
2020-03-11 15:27:28.728,2020-03-11 15:27:41.812,Chambre à coucher
2020-03-11 15:27:40.143,2020-03-11 15:27:48.824,Coin cuisine
2020-03-11 15:27:48.824,2020-03-11 15:27:49.064,Chambre à coucher
2020-03-11 15:27:49.064,2020-03-11 15:27:55.653,Coin cuisine
2020-03-11 15:27:55.653,2020-03-11 15:28:15.066,Chambre à coucher
2020-03-11 15:28:15.066,2020-03-11 15:28:25.677,Coin cuisine
2020-03-11 15:28:25.677,2020-03-11 15:28:25.886,Chambre à coucher
2020-03-11 15:29:04.617,2020-03-11 15:30:30.766,Coin cuisine
2020-03-11 15:30:30.766,2020-03-11 15:30:43.922,Couloir principal
2020-03-11 15:30:43.922,2020-03-11 15:30:44.072,Coin cuisine
2020-03-11 15:30:45.636,2020-03-11 15:30:55.672,Couloir principal
2020-03-11 15:30:55.672,2020-03-11 15:31:00.770,Coin cuisine
2020-03-11 15:31:00.770,2020-03-11 15:31:47.849,Couloir principal
2020-03-11 15:31:50.709,2020-03-11 15:33:46.753,Coin cuisine
2020-03-11 15:33:46.753,2020-03-11 15:34:39.713,Couloir principal
2020-03-11 15:34:38.061,2020-03-11 15:34:48.638,Coin cuisine
2020-03-11 15:34:48.638,2020-03-11 15:34:56.417,Réfrigérateur
2020-03-11 15:34:56.417,2020-03-11 15:35:05.155,Couloir principal
2020-03-11 15:35:05.155,2020-03-11 15:35:05.514,Réfrigérateur
2020-03-11 15:35:05.514,2020-03-11 15:35:23.294,Coin cuisine
2020-03-11 15:35:14.478,2020-03-11 15:35:35.635,Réfrigérateur
2020-03-11 15:35:35.635,2020-03-11 15:36:46.087,Coin cuisine
2020-03-11 15:54:31.605,2020-03-11 15:55:03.298,Salon
2020-03-11 15:55:03.298,2020-03-11 15:55:20.705,Coin cuisine
2020-03-11 16:03:59.045,2020-03-11 16:04:10.697,Coin cuisine
2020-03-11 16:04:07.754,2020-03-11 16:04:14.749,Couloir principal
2020-03-11 16:04:24.790,2020-03-11 16:04:32.400,Couloir principal
2020-03-11 16:04:27.960,2020-03-11 16:07:09.729,Coin cuisine
2020-03-11 16:07:09.729,2020-03-11 16:07:33.932,Salle de bain
2020-03-11 16:07:33.932,2020-03-11 16:07:52.826,Coin cuisine
2020-03-11 16:07:52.826,2020-03-11 16:07:53.276,Salle de bain
2020-03-11 16:07:53.276,2020-03-11 16:08:05.964,Couloir principal
2020-03-11 16:07:58.535,2020-03-11 16:08:11.370,Coin cuisine
2020-03-11 16:08:11.370,2020-03-11 16:08:12.904,Salle de bain
2020-03-11 16:08:12.904,2020-03-11 16:09:52.041,Couloir principal
2020-03-11 16:09:52.041,2020-03-11 16:10:12.209,Toilette
2020-03-11 16:10:12.209,2020-03-11 16:10:20.971,Coin cuisine
2020-03-11 16:10:16.347,2020-03-11 16:10:31.892,Couloir principal
2020-03-11 16:10:31.892,2020-03-11 16:10:44.913,Toilette
2020-03-11 16:10:44.913,2020-03-11 16:11:40.062,Couloir principal
2020-03-11 16:10:48.169,2020-03-11 16:12:23.770,Salon
2020-03-11 16:12:38.833,2020-03-11 16:12:48.409,Couloir principal
2020-03-11 16:12:48.409,2020-03-11 16:14:44.798,Couloir principal
2020-03-11 16:14:44.798,2020-03-11 16:15:02.909,Chambre 2
2020-03-11 16:15:02.909,2020-03-11 16:15:13.571,Couloir principal
2020-03-11 16:15:13.571,2020-03-11 16:15:17.672,Chambre 2
2020-03-11 16:15:17.672,2020-03-11 16:17:43.265,Couloir principal
2020-03-11 16:17:43.265,2020-03-11 16:17:55.847,Terrasse
2020-03-11 16:18:04.575,2020-03-11 16:18:04.786,Salon
2020-03-11 16:18:09.498,2020-03-11 16:18:09.678,Terrasse
2020-03-11 16:18:09.678,2020-03-11 16:18:16.216,Salon
2020-03-11 16:18:14.371,2020-03-11 16:18:20.575,Terrasse
2020-03-11 16:18:20.575,2020-03-11 16:18:33.102,Salon
2020-03-11 16:24:22.771,2020-03-11 16:25:06.492,Placard cuisine
2020-03-11 16:25:06.492,2020-03-11 16:25:17.590,Coin cuisine
2020-03-11 16:25:17.590,2020-03-11 16:25:25.660,Placard cuisine
2020-03-11 16:25:25.660,2020-03-11 16:28:14.950,Coin cuisine
2020-03-11 16:58:43.239,2020-03-11 16:58:53.862,Coin cuisine
2020-03-11 16:58:53.862,2020-03-11 17:06:34.441,Coin cuisine
2020-03-11 17:06:34.441,2020-03-11 17:07:09.944,Couloir principal
2020-03-11 17:07:14.847,2020-03-11 17:13:59.641,Coin cuisine
2020-03-11 17:13:59.641,2020-03-11 17:14:08.371,Couloir principal
2020-03-11 17:14:02.919,2020-03-11 17:14:33.777,Toilette
2020-03-11 17:14:38.121,2020-03-11 17:16:15.910,Toilette
2020-03-11 17:17:22.317,2020-03-11 17:17:23.427,Chambre à coucher
2020-03-11 17:17:23.427,2020-03-11 17:17:58.531,Salle de bain
2020-03-11 17:17:58.531,2020-03-11 17:18:09.144,Couloir principal
2020-03-11 17:18:30.396,2020-03-11 17:19:15.813,Salon
2020-03-11 17:19:39.240,2020-03-11 17:21:33.880,Coin cuisine
2020-03-11 17:28:22.394,2020-03-11 17:35:22.171,Salon
2020-03-11 18:26:08.637,2020-03-11 18:26:14.809,Coin cuisine
2020-03-11 18:27:45.265,2020-03-11 18:27:56.219,Couloir principal
2020-03-11 18:27:56.219,2020-03-11 18:28:09.484,Coin cuisine
2020-03-11 18:28:09.484,2020-03-11 18:28:14.425,Salon
2020-03-11 18:28:14.425,2020-03-11 18:29:15.227,Terrasse
2020-03-11 18:28:58.014,2020-03-11 18:31:11.332,Salon
2020-03-11 19:19:44.640,2020-03-11 19:20:27.130,Coin cuisine
2020-03-11 19:20:27.130,2020-03-11 19:24:59.044,Couloir principal
2020-03-11 19:24:59.044,2020-03-11 19:24:59.348,Chambre à coucher
2020-03-11 19:25:19.519,2020-03-11 19:26:25.024,Chambre 2
2020-03-11 19:26:11.980,2020-03-11 19:26:26.764,Couloir principal
2020-03-11 20:03:32.105,2020-03-11 20:03:43.080,Réfrigérateur
2020-03-11 20:05:14.331,2020-03-11 20:07:47.087,Coin cuisine
2020-03-11 20:11:32.007,2020-03-11 20:11:42.475,Coin cuisine
2020-03-11 20:11:33.088,2020-03-11 20:11:44.066,Placard cuisine
2020-03-11 20:11:44.066,2020-03-11 20:13:36.769,Coin cuisine
2020-03-11 20:13:36.769,2020-03-11 20:13:49.702,Placard cuisine
2020-03-11 20:13:37.961,2020-03-11 20:13:56.479,Coin cuisine
2020-03-11 20:13:49.702,2020-03-11 20:14:39.463,Placard cuisine
2020-03-11 20:46:02.941,2020-03-11 20:46:03.088,Réfrigérateur
2020-03-11 20:46:03.088,2020-03-11 20:46:22.605,Coin cuisine
2020-03-11 21:07:58.552,2020-03-11 21:08:05.986,Couloir principal
2020-03-11 21:08:05.986,2020-03-11 21:09:32.695,Toilette
2020-03-11 21:09:32.695,2020-03-11 21:10:10.145,Couloir principal
2020-03-11 21:10:14.294,2020-03-11 21:33:43.251,Coin cuisine
2020-03-11 21:33:43.251,2020-03-11 22:45:21.042,Salon
2020-03-11 22:45:21.042,2020-03-11 22:48:05.784,Coin cuisine
2020-03-11 22:48:05.784,2020-03-11 22:49:45.336,Couloir principal
2020-03-11 22:49:45.336,2020-03-11 22:50:08.052,Chambre à coucher
2020-03-11 22:50:08.052,2020-03-11 22:50:42.496,Couloir principal
2020-03-11 22:50:42.496,2020-03-11 22:53:14.703,Coin cuisine
2020-03-11 22:53:16.013,2020-03-11 22:54:17.349,Couloir principal
2020-03-11 22:54:17.349,2020-03-11 22:55:28.747,Coin cuisine
2020-03-11 22:54:25.092,2020-03-12 00:40:33.459,Salon
2020-03-12 00:40:33.459,2020-03-12 00:41:10.122,Couloir principal
2020-03-12 00:40:38.123,2020-03-12 00:46:34.572,Chambre à coucher
2020-03-12 00:41:10.122,2020-03-12 00:48:33.707,Salle de bain
2020-03-12 00:48:33.707,2020-03-12 07:44:21.307,Chambre à coucher
2020-03-12 07:44:21.307,2020-03-12 07:46:17.634,Toilette
2020-03-12 07:46:17.634,2020-03-12 07:48:04.071,Chambre à coucher
2020-03-12 07:49:43.570,2020-03-12 07:49:54.084,Couloir principal
2020-03-12 07:50:32.827,2020-03-12 07:51:08.102,Coin cuisine
2020-03-12 07:51:08.102,2020-03-12 07:51:18.578,Couloir principal
2020-03-12 07:51:17.270,2020-03-12 07:56:16.981,Coin cuisine
2020-03-12 07:51:18.578,2020-03-12 07:56:23.764,Couloir principal
2020-03-12 07:56:23.764,2020-03-12 07:59:28.570,Coin cuisine
2020-03-12 07:59:28.570,2020-03-12 07:59:58.677,Placard cuisine
2020-03-12 07:59:58.677,2020-03-12 08:00:56.127,Coin cuisine
2020-03-12 08:00:56.127,2020-03-12 08:01:56.472,Réfrigérateur
2020-03-12 08:01:56.472,2020-03-12 08:04:27.833,Coin cuisine
2020-03-12 08:04:27.833,2020-03-12 08:04:34.236,Placard cuisine
2020-03-12 08:04:34.236,2020-03-12 08:06:48.670,Coin cuisine
2020-03-12 08:06:49.837,2020-03-12 08:08:28.543,Couloir principal
2020-03-12 08:08:35.909,2020-03-12 08:11:04.802,Coin cuisine
2020-03-12 08:11:04.802,2020-03-12 08:11:32.272,Placard cuisine
2020-03-12 08:11:32.272,2020-03-12 08:34:29.312,Coin cuisine
2020-03-12 08:34:29.312,2020-03-12 08:35:02.399,Réfrigérateur
2020-03-12 08:35:02.399,2020-03-12 08:50:07.220,Coin cuisine
2020-03-12 08:54:57.107,2020-03-12 08:55:16.925,Salon
2020-03-12 08:55:16.925,2020-03-12 08:55:30.065,Coin cuisine
2020-03-12 08:55:26.608,2020-03-12 08:55:49.534,Couloir principal
2020-03-12 08:55:30.065,2020-03-12 08:55:59.825,Chambre à coucher
2020-03-12 08:55:59.825,2020-03-12 08:59:54.579,Toilette
2020-03-12 09:00:14.911,2020-03-12 09:17:35.648,Chambre à coucher
2020-03-12 09:17:35.648,2020-03-12 09:17:49.099,Couloir principal
2020-03-12 09:44:39.621,2020-03-12 09:44:56.666,Salon
2020-03-12 09:45:20.340,2020-03-12 09:50:52.606,Coin cuisine
2020-03-12 10:11:27.202,2020-03-12 10:12:04.832,Chambre à coucher
2020-03-12 10:12:41.008,2020-03-12 10:18:03.415,Couloir principal
2020-03-12 10:18:03.415,2020-03-12 10:19:17.903,Coin cuisine
2020-03-12 10:19:17.903,2020-03-12 10:19:18.054,Salon
2020-03-12 10:19:26.161,2020-03-12 10:25:00.772,Coin cuisine
2020-03-12 10:25:13.742,2020-03-12 10:25:28.113,Salon
2020-03-12 10:25:28.113,2020-03-12 10:39:24.809,Terrasse
2020-03-12 10:39:24.809,2020-03-12 10:41:08.409,Salon
2020-03-12 10:41:29.968,2020-03-12 10:41:55.405,Coin cuisine
2020-03-12 10:42:05.186,2020-03-12 10:45:44.419,Salon
2020-03-12 10:46:07.067,2020-03-12 10:52:10.938,Coin cuisine
2020-03-12 10:52:10.938,2020-03-12 10:52:39.992,Réfrigérateur
2020-03-12 10:52:39.992,2020-03-12 10:52:53.058,Coin cuisine
2020-03-12 10:52:53.058,2020-03-12 10:53:04.618,Couloir principal
2020-03-12 10:52:58.798,2020-03-12 10:58:12.985,Toilette
2020-03-12 10:58:12.985,2020-03-12 11:00:22.056,Chambre à coucher
2020-03-12 11:00:22.056,2020-03-12 11:01:19.952,Coin cuisine
2020-03-12 11:01:13.999,2020-03-12 11:01:41.538,Couloir principal
2020-03-12 11:01:41.538,2020-03-12 11:01:44.717,Coin cuisine
2020-03-12 11:01:42.992,2020-03-12 11:01:52.799,Couloir principal
2020-03-12 11:01:44.717,2020-03-12 11:01:53.680,Coin cuisine
2020-03-12 11:01:53.680,2020-03-12 11:11:00.751,Coin cuisine
2020-03-12 11:09:43.582,2020-03-12 11:11:02.065,Couloir principal
2020-03-12 11:11:00.751,2020-03-12 11:11:07.210,Coin cuisine
2020-03-12 11:11:02.065,2020-03-12 11:14:30.257,Couloir principal
2020-03-12 11:11:07.210,2020-03-12 11:14:32.905,Coin cuisine
2020-03-12 11:14:30.257,2020-03-12 11:14:41.921,Couloir principal
2020-03-12 11:14:51.012,2020-03-12 11:14:51.883,Chambre à coucher
2020-03-12 11:15:33.506,2020-03-12 11:15:39.771,Coin cuisine
2020-03-12 11:15:39.771,2020-03-12 11:18:43.896,Couloir principal
2020-03-12 11:18:43.896,2020-03-12 11:21:08.656,Toilette
2020-03-12 11:21:08.656,2020-03-12 11:22:55.364,Salle de bain
2020-03-12 22:56:38.600,2020-03-12 23:00:37.797,Chambre à coucher
2020-03-12 23:00:37.797,2020-03-12 23:00:54.734,Couloir principal
2020-03-12 23:00:53.200,2020-03-12 23:16:01.644,Coin cuisine
2020-03-12 23:16:01.644,2020-03-12 23:16:12.093,Salon
2020-03-13 00:22:52.253,2020-03-13 00:23:03.178,Couloir principal
2020-03-13 00:23:03.178,2020-03-13 00:23:49.176,Coin cuisine
2020-03-13 00:23:06.699,2020-03-13 00:24:16.082,Réfrigérateur
2020-03-13 00:23:49.176,2020-03-13 00:24:17.459,Coin cuisine
2020-03-13 00:24:17.459,2020-03-13 00:24:24.808,Couloir principal
2020-03-13 00:24:18.641,2020-03-13 00:27:07.064,Toilette
2020-03-13 00:27:07.064,2020-03-13 02:18:41.411,Chambre à coucher
2020-03-13 02:18:41.411,2020-03-13 02:20:12.955,Toilette
2020-03-13 02:20:12.955,2020-03-13 06:42:17.544,Chambre à coucher
2020-03-13 06:42:17.544,2020-03-13 06:44:00.263,Toilette
2020-03-13 06:44:00.263,2020-03-13 08:10:20.407,Chambre à coucher
2020-03-13 08:10:20.407,2020-03-13 08:13:01.290,Toilette
2020-03-13 08:13:01.290,2020-03-13 08:13:07.472,Coin cuisine
2020-03-13 08:13:03.767,2020-03-13 08:13:15.242,Couloir principal
2020-03-13 08:13:15.242,2020-03-13 08:14:36.169,Coin cuisine
2020-03-13 08:14:36.169,2020-03-13 08:14:44.117,Placard cuisine
2020-03-13 08:14:44.117,2020-03-13 08:19:10.065,Coin cuisine
2020-03-13 08:19:11.981,2020-03-13 08:20:10.113,Couloir principal
2020-03-13 08:22:42.834,2020-03-13 08:22:58.517,Chambre à coucher
2020-03-13 08:22:58.517,2020-03-13 08:23:30.387,Couloir principal
2020-03-13 08:23:30.387,2020-03-13 08:26:27.891,Coin cuisine
2020-03-13 08:26:27.891,2020-03-13 08:26:45.196,Placard cuisine
2020-03-13 08:26:45.196,2020-03-13 08:27:11.669,Coin cuisine
2020-03-13 08:27:11.669,2020-03-13 08:27:37.095,Placard cuisine
2020-03-13 08:27:37.095,2020-03-13 08:27:56.111,Coin cuisine
2020-03-13 08:27:56.111,2020-03-13 08:28:09.589,Réfrigérateur
2020-03-13 08:28:09.589,2020-03-13 08:28:16.358,Coin cuisine
2020-03-13 08:28:16.358,2020-03-13 08:28:21.258,Réfrigérateur
2020-03-13 08:28:21.258,2020-03-13 08:29:54.359,Coin cuisine
2020-03-13 08:29:54.359,2020-03-13 08:30:02.275,Placard cuisine
2020-03-13 08:30:02.275,2020-03-13 08:30:13.874,Coin cuisine
2020-03-13 08:30:13.874,2020-03-13 08:30:46.434,Placard cuisine
2020-03-13 08:30:46.434,2020-03-13 08:31:43.992,Coin cuisine
2020-03-13 08:31:50.975,2020-03-13 08:34:45.292,Couloir principal
2020-03-13 08:34:47.526,2020-03-13 08:44:13.576,Coin cuisine
2020-03-13 08:44:14.619,2020-03-13 08:49:37.943,Couloir principal
2020-03-13 08:49:37.943,2020-03-13 08:54:43.202,Coin cuisine
2020-03-13 08:49:44.524,2020-03-13 08:54:50.683,Réfrigérateur
2020-03-13 08:54:50.683,2020-03-13 08:55:57.840,Coin cuisine
2020-03-13 08:55:57.840,2020-03-13 08:56:15.736,Réfrigérateur
2020-03-13 08:56:15.736,2020-03-13 08:56:31.592,Coin cuisine
2020-03-13 08:56:35.825,2020-03-13 08:56:47.989,Couloir principal
2020-03-13 08:58:06.374,2020-03-13 08:58:33.594,Chambre à coucher
2020-03-13 09:10:25.609,2020-03-13 09:10:41.033,Coin cuisine
2020-03-13 09:10:30.188,2020-03-13 09:10:47.745,Couloir principal
2020-03-13 09:10:41.033,2020-03-13 09:14:14.911,Coin cuisine
2020-03-13 09:14:14.911,2020-03-13 11:13:53.146,Sortie de maison
2020-03-13 11:13:53.146,2020-03-13 11:16:44.302,Couloir principal
2020-03-13 11:16:44.302,2020-03-13 11:19:52.723,Coin cuisine
2020-03-13 11:25:33.549,2020-03-13 11:34:32.531,Salon
2020-03-13 11:34:32.531,2020-03-13 11:46:38.586,Coin cuisine
2020-03-13 11:46:32.780,2020-03-13 11:48:29.351,Couloir principal
2020-03-13 11:46:38.586,2020-03-13 11:48:51.194,Toilette
2020-03-13 11:48:51.194,2020-03-13 11:52:52.541,Chambre à coucher
2020-03-13 11:53:04.415,2020-03-13 11:53:09.889,Couloir principal
2020-03-13 11:54:05.580,2020-03-13 11:59:51.614,Chambre à coucher
2020-03-13 11:59:51.614,2020-03-13 12:00:47.247,Couloir principal
2020-03-13 12:06:40.151,2020-03-13 12:19:29.230,Coin cuisine
2020-03-13 12:19:29.230,2020-03-13 12:19:37.134,Placard cuisine
2020-03-13 12:19:37.134,2020-03-13 12:20:41.313,Coin cuisine
2020-03-13 12:20:42.569,2020-03-13 12:20:49.019,Placard cuisine
2020-03-13 12:26:11.765,2020-03-13 12:27:49.273,Coin cuisine
2020-03-13 12:28:31.861,2020-03-13 12:28:41.236,Salon
2020-03-13 12:28:41.236,2020-03-13 12:28:54.600,Terrasse
2020-03-13 12:28:54.600,2020-03-13 12:29:01.011,Salon
2020-03-13 12:29:31.021,2020-03-13 12:36:35.473,Coin cuisine
2020-03-13 12:36:35.473,2020-03-13 12:36:42.903,Réfrigérateur
2020-03-13 12:36:36.659,2020-03-13 12:37:19.565,Coin cuisine
2020-03-13 12:36:42.903,2020-03-13 12:37:27.460,Salon
2020-03-13 12:37:19.565,2020-03-13 12:37:33.949,Terrasse
2020-03-13 12:37:27.460,2020-03-13 12:45:40.960,Salon
2020-03-13 12:45:40.960,2020-03-13 12:53:16.149,Coin cuisine
2020-03-13 12:53:33.906,2020-03-13 12:54:28.506,Couloir principal
2020-03-13 12:54:28.506,2020-03-13 12:55:51.187,Toilette
2020-03-13 12:55:51.187,2020-03-13 12:56:20.163,Couloir principal
2020-03-13 12:56:20.163,2020-03-13 13:11:07.322,Coin cuisine
2020-03-13 13:11:07.322,2020-03-13 13:11:33.211,Réfrigérateur
2020-03-13 13:11:33.211,2020-03-13 13:22:33.644,Coin cuisine
2020-03-13 13:22:33.644,2020-03-13 13:23:13.201,Placard cuisine
2020-03-13 13:23:09.130,2020-03-13 13:23:19.123,Coin cuisine
2020-03-13 13:26:56.973,2020-03-13 13:37:49.929,Coin cuisine
2020-03-13 13:42:44.162,2020-03-13 13:43:07.089,Salon
2020-03-13 13:43:07.089,2020-03-13 13:43:48.299,Coin cuisine
2020-03-13 13:43:43.020,2020-03-13 13:43:49.451,Placard cuisine
2020-03-13 13:43:48.299,2020-03-13 13:45:03.926,Coin cuisine
2020-03-13 13:43:49.451,2020-03-13 13:45:14.006,Placard cuisine
2020-03-13 13:45:14.006,2020-03-13 13:48:36.252,Coin cuisine
2020-03-13 13:55:27.192,2020-03-13 13:56:03.593,Chambre à coucher
2020-03-13 13:59:16.135,2020-03-13 14:11:48.453,Chambre à coucher
2020-03-13 14:11:48.453,2020-03-13 14:12:24.540,Couloir principal
2020-03-13 14:12:24.540,2020-03-13 14:12:40.536,Coin cuisine
2020-03-13 14:12:40.536,2020-03-13 14:22:19.938,Coin cuisine
2020-03-13 14:22:21.442,2020-03-13 14:23:16.756,Couloir principal
2020-03-13 14:23:16.756,2020-03-13 14:28:14.640,Coin cuisine
2020-03-13 14:28:14.640,2020-03-13 14:28:39.645,Couloir principal
2020-03-13 14:28:39.645,2020-03-13 14:30:32.868,Couloir principal
2020-03-13 14:30:32.868,2020-03-13 14:34:53.166,Coin cuisine
2020-03-13 14:35:00.438,2020-03-13 14:35:13.753,Couloir principal
2020-03-13 14:35:13.753,2020-03-13 14:35:54.813,Coin cuisine
2020-03-13 14:35:17.702,2020-03-13 14:36:57.696,Couloir principal
2020-03-13 14:37:06.743,2020-03-13 14:37:17.442,Couloir principal
2020-03-13 14:37:23.137,2020-03-13 14:37:23.256,Coin cuisine
2020-03-13 14:38:58.971,2020-03-13 14:41:21.221,Salon
2020-03-13 14:42:06.905,2020-03-13 14:42:14.759,Couloir principal
2020-03-13 14:42:08.408,2020-03-13 14:42:18.320,Coin cuisine
2020-03-13 14:42:18.320,2020-03-13 14:43:45.591,Toilette
2020-03-13 14:44:15.164,2020-03-13 14:44:29.169,Salon
2020-03-13 14:44:29.169,2020-03-13 14:44:37.467,Salle de bain
2020-03-13 14:44:34.922,2020-03-13 14:44:39.154,Toilette
2020-03-13 14:44:37.467,2020-03-13 14:44:41.147,Salon
2020-03-13 14:44:39.154,2020-03-13 14:44:44.655,Coin cuisine
2020-03-13 14:44:41.147,2020-03-13 14:44:47.130,Couloir principal
2020-03-13 14:44:47.130,2020-03-13 14:44:47.249,Salon
2020-03-13 14:44:47.249,2020-03-13 14:45:01.766,Coin cuisine
2020-03-13 14:44:57.963,2020-03-13 14:45:04.930,Salon
2020-03-13 15:36:41.943,2020-03-13 15:36:45.321,Coin cuisine
2020-03-13 15:46:32.120,2020-03-13 15:46:34.034,Salon
2020-03-13 16:33:33.325,2020-03-13 16:33:36.364,Couloir principal
2020-03-13 16:33:36.364,2020-03-13 16:35:06.361,Toilette
2020-03-13 16:33:44.659,2020-03-13 16:35:11.908,Salle de bain
2020-03-13 16:35:11.908,2020-03-13 16:35:12.059,Toilette
2020-03-13 16:35:12.059,2020-03-13 16:35:35.879,Couloir principal
2020-03-13 16:35:37.192,2020-03-13 16:41:58.323,Coin cuisine
2020-03-13 16:41:58.323,2020-03-13 16:42:07.478,Couloir principal
2020-03-13 16:42:07.478,2020-03-13 16:42:14.448,Coin cuisine
2020-03-13 16:42:14.448,2020-03-13 16:44:06.948,Toilette
2020-03-13 16:44:48.685,2020-03-13 16:44:52.591,Salon
2020-03-13 16:44:52.591,2020-03-13 16:44:56.988,Toilette
2020-03-13 16:44:55.296,2020-03-13 16:45:00.067,Salle de bain
2020-03-13 16:44:56.988,2020-03-13 16:45:01.765,Salon
2020-03-13 16:45:00.067,2020-03-13 16:45:06.540,Couloir principal
2020-03-13 16:45:06.540,2020-03-13 16:45:10.834,Salon
2020-03-13 16:45:07.506,2020-03-13 16:45:11.956,Coin cuisine
2020-03-13 16:45:11.956,2020-03-13 16:45:48.767,Salon
2020-03-13 16:47:56.749,2020-03-13 16:49:02.248,Coin cuisine
2020-03-13 16:49:02.248,2020-03-13 16:49:10.569,Placard cuisine
2020-03-13 16:49:08.978,2020-03-13 16:49:18.414,Coin cuisine
2020-03-13 16:49:10.569,2020-03-13 16:49:43.094,Placard cuisine
2020-03-13 16:49:18.414,2020-03-13 16:49:44.809,Coin cuisine
2020-03-13 16:49:43.094,2020-03-13 16:53:51.128,Réfrigérateur
2020-03-13 16:53:51.128,2020-03-13 16:54:43.885,Coin cuisine
2020-03-13 16:54:43.885,2020-03-13 16:54:56.670,Salon
2020-03-13 16:54:52.252,2020-03-13 16:54:58.213,Coin cuisine
2020-03-13 16:54:58.213,2020-03-13 16:56:33.791,Salon
2020-03-13 16:56:33.791,2020-03-13 16:56:48.434,Coin cuisine
2020-03-13 16:56:48.434,2020-03-13 17:07:39.543,Salon
2020-03-13 17:07:39.543,2020-03-13 17:07:49.008,Coin cuisine
2020-03-13 17:07:49.008,2020-03-13 17:30:57.051,Salon
2020-03-13 17:46:25.947,2020-03-13 17:46:46.504,Coin cuisine
2020-03-13 17:46:46.504,2020-03-13 17:46:52.399,Couloir principal
2020-03-13 17:46:49.602,2020-03-13 17:46:58.044,Coin cuisine
2020-03-13 17:46:58.044,2020-03-13 17:46:59.404,Couloir principal
2020-03-13 17:47:11.979,2020-03-13 17:48:10.658,Couloir principal
2020-03-13 18:53:16.720,2020-03-13 18:53:19.062,Salon
2020-03-13 18:53:18.098,2020-03-13 18:53:20.176,Couloir principal
2020-03-13 18:53:19.062,2020-03-13 18:53:25.377,Toilette
2020-03-13 18:53:25.377,2020-03-13 18:53:25.679,Coin cuisine
2020-03-13 18:53:25.679,2020-03-13 18:53:30.236,Couloir principal
2020-03-13 18:53:29.023,2020-03-13 18:53:39.282,Toilette
2020-03-13 18:53:30.236,2020-03-13 18:54:12.329,Coin cuisine
2020-03-13 18:53:39.282,2020-03-13 18:54:23.922,Salon
2020-03-13 18:54:23.922,2020-03-13 18:54:26.793,Coin cuisine
2020-03-13 18:54:26.793,2020-03-13 18:54:48.333,Toilette
2020-03-13 18:54:48.333,2020-03-13 18:55:04.683,Coin cuisine
2020-03-13 18:55:04.683,2020-03-13 18:55:09.632,Couloir principal
2020-03-13 18:55:09.632,2020-03-13 18:55:50.566,Salle de bain
2020-03-13 18:56:51.998,2020-03-13 18:59:21.286,Toilette
2020-03-13 18:59:21.286,2020-03-13 19:00:01.743,Salle de bain
2020-03-13 18:59:59.588,2020-03-13 19:00:06.457,Couloir principal
2020-03-13 19:10:57.113,2020-03-13 19:11:30.581,Salon
2020-03-13 19:11:50.325,2020-03-13 19:17:50.906,Coin cuisine
2020-03-13 19:17:50.906,2020-03-13 19:18:58.771,Réfrigérateur
2020-03-13 19:18:58.771,2020-03-13 19:19:15.997,Coin cuisine
2020-03-13 19:19:15.997,2020-03-13 19:19:24.884,Placard cuisine
2020-03-13 20:13:28.687,2020-03-13 20:14:50.148,Coin cuisine
2020-03-13 20:14:50.148,2020-03-13 20:14:56.610,Placard cuisine
2020-03-13 20:14:56.610,2020-03-13 20:17:31.444,Coin cuisine
2020-03-13 20:17:57.108,2020-03-13 20:18:04.022,Réfrigérateur
2020-03-13 20:18:19.156,2020-03-13 20:24:13.223,Coin cuisine
2020-03-13 20:24:13.223,2020-03-13 20:24:37.130,Placard cuisine
2020-03-13 20:24:37.130,2020-03-13 20:24:49.552,Coin cuisine
2020-03-13 20:24:49.552,2020-03-13 20:25:41.682,Placard cuisine
2020-03-13 20:25:41.682,2020-03-13 20:28:55.262,Coin cuisine
2020-03-13 20:28:55.262,2020-03-13 20:29:30.930,Couloir principal
2020-03-13 20:29:30.930,2020-03-13 20:31:52.305,Chambre à coucher
2020-03-13 20:29:38.867,2020-03-13 20:31:58.907,Couloir principal
2020-03-13 20:32:12.364,2020-03-13 20:38:42.025,Coin cuisine
2020-03-13 20:38:42.025,2020-03-13 20:38:49.676,Couloir principal
2020-03-13 20:38:49.676,2020-03-13 20:39:06.685,Couloir principal
2020-03-13 20:40:29.328,2020-03-13 20:41:59.944,Coin cuisine
2020-03-13 20:41:59.944,2020-03-13 20:42:12.047,Placard cuisine
2020-03-13 20:42:12.047,2020-03-13 20:42:12.167,Coin cuisine
2020-03-13 21:22:18.234,2020-03-13 21:22:26.678,Coin cuisine
2020-03-13 21:22:19.605,2020-03-13 21:22:28.535,Placard cuisine
2020-03-13 21:22:28.535,2020-03-13 21:22:30.388,Coin cuisine
2020-03-13 21:48:50.885,2020-03-13 21:50:13.498,Coin cuisine
2020-03-13 21:50:13.498,2020-03-14 00:10:18.990,Salon
2020-03-14 00:10:18.990,2020-03-14 00:10:31.159,Coin cuisine
2020-03-14 00:10:26.371,2020-03-14 00:10:47.905,Couloir principal
2020-03-14 00:10:47.905,2020-03-14 00:13:54.041,Toilette
2020-03-14 00:14:09.787,2020-03-14 00:21:44.871,Chambre à coucher
2020-03-14 00:21:44.871,2020-03-14 00:22:05.412,Couloir principal
2020-03-14 00:22:05.412,2020-03-14 00:25:58.594,Coin cuisine
2020-03-14 00:31:50.064,2020-03-14 07:27:35.927,Chambre à coucher
2020-03-14 07:27:35.927,2020-03-14 07:29:33.640,Toilette
2020-03-14 07:29:33.640,2020-03-14 08:15:39.702,Chambre à coucher
2020-03-14 08:15:39.702,2020-03-14 08:16:18.568,Couloir principal
2020-03-14 08:16:04.460,2020-03-14 08:16:20.180,Coin cuisine
2020-03-14 08:16:18.568,2020-03-14 08:16:26.774,Couloir principal
2020-03-14 08:16:26.774,2020-03-14 08:16:27.400,Chambre à coucher
2020-03-14 08:16:42.013,2020-03-14 08:17:42.224,Coin cuisine
2020-03-14 08:17:42.224,2020-03-14 08:18:04.672,Couloir principal
2020-03-14 08:18:02.185,2020-03-14 08:18:07.481,Coin cuisine
2020-03-14 08:18:07.481,2020-03-14 08:18:28.395,Chambre 2
2020-03-14 08:27:14.796,2020-03-14 08:30:03.370,Coin cuisine
2020-03-14 08:30:03.370,2020-03-14 08:30:13.326,Placard cuisine
2020-03-14 08:30:13.326,2020-03-14 08:31:54.365,Coin cuisine
2020-03-14 08:31:54.365,2020-03-14 08:32:03.948,Placard cuisine
2020-03-14 08:32:03.948,2020-03-14 08:38:48.676,Coin cuisine
2020-03-14 08:38:48.676,2020-03-14 08:39:19.191,Placard cuisine
2020-03-14 08:39:19.191,2020-03-14 08:41:29.412,Coin cuisine
2020-03-14 08:51:28.676,2020-03-14 08:51:32.594,Réfrigérateur
2020-03-14 08:51:46.884,2020-03-14 09:03:02.596,Coin cuisine
2020-03-14 09:03:05.944,2020-03-14 09:03:07.857,Placard cuisine
2020-03-14 09:03:07.857,2020-03-14 09:05:59.269,Coin cuisine
2020-03-14 09:03:11.505,2020-03-14 09:08:57.594,Réfrigérateur
2020-03-14 09:08:57.594,2020-03-14 09:18:29.395,Coin cuisine
2020-03-14 09:18:29.395,2020-03-14 09:18:47.825,Couloir principal
2020-03-14 09:18:34.234,2020-03-14 09:23:00.780,Chambre à coucher
2020-03-14 09:18:47.825,2020-03-14 09:23:20.444,Toilette
2020-03-14 09:23:20.444,2020-03-14 09:24:35.528,Chambre à coucher
2020-03-14 09:27:02.350,2020-03-14 09:27:12.882,Couloir principal
2020-03-14 09:27:04.039,2020-03-14 09:27:19.135,Chambre à coucher
2020-03-14 09:27:19.135,2020-03-14 09:35:18.114,Coin cuisine
2020-03-14 09:35:36.139,2020-03-14 09:48:50.762,Salon
2020-03-14 09:49:03.078,2020-03-14 09:49:28.731,Coin cuisine
2020-03-14 09:49:40.903,2020-03-14 10:03:32.232,Salon
2020-03-14 10:03:32.232,2020-03-14 10:03:54.245,Terrasse
2020-03-14 10:03:54.245,2020-03-14 10:03:56.148,Salon
2020-03-14 10:05:04.146,2020-03-14 10:19:48.708,Coin cuisine
2020-03-14 10:19:48.708,2020-03-14 10:25:06.399,Couloir principal
2020-03-14 10:25:06.399,2020-03-14 11:02:29.066,Chambre à coucher
2020-03-14 11:02:29.066,2020-03-14 11:04:46.333,Couloir principal
2020-03-14 11:04:46.333,2020-03-14 11:04:56.775,Coin cuisine
2020-03-14 11:05:23.375,2020-03-14 11:06:15.112,Salon
2020-03-14 11:06:15.112,2020-03-14 11:06:36.375,Coin cuisine
2020-03-14 11:06:26.522,2020-03-14 11:09:14.039,Couloir principal
2020-03-14 11:09:14.039,2020-03-14 11:10:03.407,Chambre 2
2020-03-14 12:03:03.456,2020-03-14 12:05:34.573,Couloir principal
2020-03-14 12:05:34.573,2020-03-14 12:09:54.240,Coin cuisine
2020-03-14 12:09:54.240,2020-03-14 12:11:13.696,Réfrigérateur
2020-03-14 12:51:39.093,2020-03-14 13:07:41.361,Coin cuisine
2020-03-14 13:07:37.488,2020-03-14 13:07:43.414,Réfrigérateur
2020-03-14 13:07:43.414,2020-03-14 13:21:45.048,Coin cuisine
2020-03-14 13:21:45.048,2020-03-14 13:21:49.934,Placard cuisine
2020-03-14 13:21:49.934,2020-03-14 13:23:00.593,Coin cuisine
2020-03-14 13:23:00.593,2020-03-14 13:23:52.361,Placard cuisine
2020-03-14 13:23:01.983,2020-03-14 13:24:03.941,Coin cuisine
2020-03-14 13:23:52.361,2020-03-14 13:24:22.404,Réfrigérateur
2020-03-14 13:24:22.404,2020-03-14 13:33:27.544,Coin cuisine
2020-03-14 13:33:29.662,2020-03-14 13:33:36.452,Couloir principal
2020-03-14 13:33:31.495,2020-03-14 13:34:13.665,Chambre 2
2020-03-14 13:34:13.665,2020-03-14 13:35:06.101,Couloir principal
2020-03-14 13:37:24.807,2020-03-14 13:46:09.452,Chambre à coucher
2020-03-14 13:46:09.452,2020-03-14 13:49:00.127,Toilette
2020-03-14 13:49:00.127,2020-03-14 13:50:21.910,Couloir principal
2020-03-14 13:50:21.910,2020-03-14 13:50:43.594,Coin cuisine
2020-03-14 13:50:30.056,2020-03-14 13:51:03.092,Terrasse
2020-03-14 13:51:03.092,2020-03-14 13:52:08.348,Coin cuisine
2020-03-14 13:52:08.348,2020-03-14 13:54:16.545,Couloir principal
2020-03-14 13:54:16.545,2020-03-14 13:56:46.919,Chambre à coucher
2020-03-14 13:56:46.919,2020-03-14 20:26:24.560,Sortie de maison
2020-03-14 20:26:24.560,2020-03-14 20:27:19.515,Chambre à coucher
2020-03-14 20:28:20.317,2020-03-14 20:29:48.481,Couloir principal
2020-03-14 20:29:48.481,2020-03-14 20:35:03.924,Coin cuisine
2020-03-14 20:35:04.937,2020-03-14 20:38:37.315,Couloir principal
2020-03-14 20:38:42.258,2020-03-14 20:40:13.359,Coin cuisine
2020-03-14 20:40:13.359,2020-03-14 20:41:59.662,Réfrigérateur
2020-03-14 20:41:59.662,2020-03-14 20:41:59.782,Coin cuisine
2020-03-14 20:41:59.782,2020-03-14 20:45:29.483,Réfrigérateur
2020-03-14 20:45:29.483,2020-03-14 20:45:47.528,Coin cuisine
2020-03-14 20:45:47.528,2020-03-14 20:47:14.488,Réfrigérateur
2020-03-14 20:47:14.488,2020-03-14 20:48:29.996,Coin cuisine
2020-03-14 20:48:31.507,2020-03-14 20:48:34.873,Placard cuisine
2020-03-14 20:48:36.428,2020-03-14 20:48:41.848,Coin cuisine
2020-03-14 20:48:41.848,2020-03-14 20:48:47.774,Placard cuisine
2020-03-14 20:48:47.774,2020-03-14 20:49:50.112,Coin cuisine
2020-03-14 20:49:50.112,2020-03-14 20:50:13.566,Placard cuisine
2020-03-14 20:50:13.566,2020-03-14 20:50:47.739,Coin cuisine
2020-03-14 20:50:54.181,2020-03-14 20:51:19.308,Réfrigérateur
2020-03-14 21:45:17.894,2020-03-14 21:45:27.897,Coin cuisine
2020-03-14 22:18:59.353,2020-03-14 22:40:05.057,Coin cuisine
2020-03-14 22:39:58.678,2020-03-14 22:42:13.135,Couloir principal
2020-03-14 22:40:05.057,2020-03-14 22:42:17.050,Toilette
2020-03-14 22:42:13.135,2020-03-14 22:42:38.182,Chambre à coucher
2020-03-14 22:42:17.050,2020-03-14 22:42:43.525,Couloir principal
2020-03-14 22:42:38.182,2020-03-14 22:43:15.053,Coin cuisine
2020-03-14 22:42:43.525,2020-03-15 01:03:59.138,Salon
2020-03-15 01:03:59.138,2020-03-15 01:09:12.007,Coin cuisine
2020-03-15 01:09:12.007,2020-03-15 01:09:45.681,Couloir principal
2020-03-15 01:22:07.134,2020-03-15 01:27:11.978,Chambre à coucher
2020-03-23 15:40:51.135,2020-03-23 15:41:01.172,Salle de bain
2020-03-23 15:41:01.172,2020-03-23 15:41:01.532,Terrasse
2020-03-23 15:41:07.878,2020-03-23 15:41:08.744,Réfrigérateur
2020-03-23 15:41:23.553,2020-03-23 15:41:25.232,Toilette
2020-03-23 15:41:29.384,2020-03-23 15:41:32.721,Chambre à coucher
2020-03-23 15:41:46.495,2020-03-23 15:41:48.359,Placard cuisine
2020-03-23 15:41:56.036,2020-03-23 15:45:28.204,Coin cuisine
2020-03-23 15:45:21.653,2020-03-23 15:47:07.344,Couloir principal
2020-03-23 15:47:07.344,2020-03-23 15:48:40.544,Chambre à coucher
2020-03-23 16:30:24.072,2020-03-23 16:37:57.980,Terrasse
2020-03-23 16:37:57.980,2020-03-23 16:37:58.099,Coin cuisine
2020-03-23 16:37:58.099,2020-03-23 16:38:10.066,Placard cuisine
2020-03-23 16:38:10.066,2020-03-23 16:58:48.440,Coin cuisine
2020-03-23 16:58:48.440,2020-03-23 16:59:00.317,Couloir principal
2020-03-23 16:59:00.317,2020-03-23 17:00:32.058,Toilette
2020-03-23 17:00:32.058,2020-03-23 17:01:07.482,Couloir principal
2020-03-23 17:37:50.312,2020-03-23 17:38:12.765,Couloir principal
2020-03-23 17:38:15.344,2020-03-23 17:42:21.355,Coin cuisine
2020-03-23 18:05:55.307,2020-03-23 18:07:07.720,Coin cuisine
2020-03-23 18:05:57.378,2020-03-23 18:07:11.762,Couloir principal
2020-03-23 18:07:11.762,2020-03-23 18:12:50.144,Coin cuisine
2020-03-23 18:12:53.062,2020-03-23 18:13:01.525,Couloir principal
2020-03-23 19:50:00.703,2020-03-23 19:50:16.637,Couloir principal
2020-03-23 19:50:16.637,2020-03-23 19:50:28.837,Chambre à coucher
2020-03-23 19:50:28.837,2020-03-23 19:53:06.493,Couloir principal
2020-03-23 19:53:06.493,2020-03-23 19:55:26.143,Couloir principal
2020-03-23 19:55:26.143,2020-03-23 19:57:20.213,Couloir principal
2020-03-23 19:57:20.213,2020-03-23 19:57:23.120,Coin cuisine
2020-03-23 19:57:23.120,2020-03-23 20:05:57.100,Terrasse
2020-03-23 20:01:06.676,2020-03-23 20:06:18.509,Réfrigérateur
2020-03-23 20:06:18.509,2020-03-23 20:06:23.422,Coin cuisine
2020-03-23 20:06:23.422,2020-03-23 20:06:35.465,Placard cuisine
2020-03-23 20:06:28.159,2020-03-23 20:06:39.134,Coin cuisine
2020-03-23 20:06:35.465,2020-03-23 20:07:37.274,Placard cuisine
2020-03-23 20:07:37.274,2020-03-23 20:08:52.197,Coin cuisine
2020-03-23 20:08:52.197,2020-03-23 20:09:31.767,Placard cuisine
2020-03-23 20:08:53.239,2020-03-23 20:09:47.062,Coin cuisine
2020-03-23 20:09:31.767,2020-03-23 20:10:02.245,Placard cuisine
2020-03-23 20:09:47.062,2020-03-23 20:10:32.589,Coin cuisine
2020-03-23 20:10:02.245,2020-03-23 20:10:46.371,Réfrigérateur
2020-03-23 20:10:46.371,2020-03-23 20:10:49.407,Coin cuisine
2020-03-23 22:30:34.651,2020-03-23 22:32:14.949,Couloir principal
2020-03-23 22:30:37.564,2020-03-23 22:32:27.302,Toilette
2020-03-23 22:32:27.302,2020-03-23 22:33:34.357,Chambre à coucher
2020-03-23 22:33:34.357,2020-03-23 22:34:06.935,Couloir principal
2020-03-23 23:15:38.408,2020-03-23 23:16:16.914,Couloir principal
2020-03-23 23:16:14.630,2020-03-23 23:16:42.216,Coin cuisine
2020-03-23 23:16:42.216,2020-03-23 23:21:50.129,Toilette
2020-03-23 23:26:54.663,2020-03-24 03:23:28.034,Chambre à coucher
2020-03-24 03:23:28.034,2020-03-24 03:25:27.749,Toilette
2020-03-24 03:25:27.749,2020-03-24 07:52:08.861,Chambre à coucher
2020-03-24 07:52:08.861,2020-03-24 07:56:34.545,Couloir principal
2020-03-24 07:56:34.545,2020-03-24 07:56:46.155,Coin cuisine
2020-03-24 07:57:18.257,2020-03-24 07:58:13.460,Coin cuisine
2020-03-24 07:58:13.460,2020-03-24 07:58:37.864,Réfrigérateur
2020-03-24 07:58:37.864,2020-03-24 08:04:27.256,Coin cuisine
2020-03-24 08:04:27.256,2020-03-24 08:05:33.586,Placard cuisine
2020-03-24 08:05:28.642,2020-03-24 08:05:48.175,Coin cuisine
2020-03-24 08:05:33.586,2020-03-24 08:06:47.464,Placard cuisine
2020-03-24 08:06:47.464,2020-03-24 08:17:18.731,Coin cuisine
2020-03-24 08:17:22.138,2020-03-24 08:17:58.138,Couloir principal
2020-03-24 08:18:01.836,2020-03-24 08:19:34.127,Coin cuisine
2020-03-24 08:19:34.127,2020-03-24 08:20:11.652,Placard cuisine
2020-03-24 08:20:11.652,2020-03-24 08:21:11.672,Coin cuisine
2020-03-24 08:21:11.672,2020-03-24 08:34:05.169,Terrasse
2020-03-24 08:34:05.169,2020-03-24 08:43:43.390,Coin cuisine
2020-03-24 08:43:43.390,2020-03-24 08:44:15.846,Réfrigérateur
2020-03-24 09:46:16.561,2020-03-24 09:46:19.107,Coin cuisine
2020-03-24 09:46:17.525,2020-03-24 09:46:39.010,Couloir principal
2020-03-24 09:46:19.107,2020-03-24 09:48:38.356,Chambre à coucher
2020-03-24 09:46:39.010,2020-03-24 09:51:10.146,Toilette
2020-03-24 09:51:10.146,2020-03-24 09:51:24.297,Chambre à coucher
2020-03-24 09:53:19.927,2020-03-24 10:54:06.473,Chambre à coucher
2020-03-24 10:54:06.473,2020-03-24 11:00:42.051,Toilette
2020-03-24 11:00:42.051,2020-03-24 11:00:47.457,Couloir principal
2020-03-24 11:00:47.457,2020-03-24 11:01:53.241,Coin cuisine
2020-03-24 11:00:52.567,2020-03-24 11:02:53.912,Terrasse
2020-03-24 11:01:53.241,2020-03-24 11:03:00.031,Coin cuisine
2020-03-24 11:03:00.031,2020-03-24 11:03:11.006,Couloir principal
2020-03-24 11:09:19.506,2020-03-24 13:03:28.808,Sortie de maison
2020-03-24 13:03:33.215,2020-03-24 13:04:31.743,Chambre à coucher
2020-03-24 13:11:19.520,2020-03-24 13:13:27.934,Chambre à coucher
2020-03-24 13:13:27.934,2020-03-24 13:15:08.913,Couloir principal
2020-03-24 13:15:08.913,2020-03-24 13:16:08.035,Coin cuisine
2020-03-24 13:15:16.761,2020-03-24 13:16:23.702,Terrasse
2020-03-24 14:01:37.337,2020-03-24 14:01:50.638,Réfrigérateur
2020-03-24 15:25:06.107,2020-03-24 15:25:10.496,Placard cuisine
2020-03-24 15:25:10.496,2020-03-24 15:26:20.631,Coin cuisine
2020-03-24 15:26:20.631,2020-03-24 15:30:11.217,Couloir principal
2020-03-24 15:26:23.702,2020-03-24 15:34:44.161,Chambre à coucher
2020-03-24 15:30:11.217,2020-03-24 15:34:55.378,Couloir principal
2020-03-24 15:34:55.378,2020-03-24 15:40:23.475,Coin cuisine
2020-03-24 15:55:01.673,2020-03-24 16:04:21.937,Coin cuisine
2020-03-24 16:04:27.400,2020-03-24 16:04:47.287,Coin cuisine
2020-03-24 16:42:16.880,2020-03-24 16:46:13.332,Coin cuisine
2020-03-24 16:46:14.323,2020-03-24 16:48:20.950,Couloir principal
2020-03-24 16:46:15.746,2020-03-24 16:48:26.730,Salle de bain
2020-03-24 16:48:20.950,2020-03-24 16:48:29.438,Couloir principal
2020-03-24 16:48:32.817,2020-03-24 16:56:59.131,Coin cuisine
2020-03-24 17:56:57.779,2020-03-24 17:59:13.005,Couloir principal
2020-03-24 19:07:33.980,2020-03-24 19:07:40.043,Couloir principal
2020-03-24 19:07:40.043,2020-03-24 19:08:50.140,Toilette
2020-03-24 19:10:03.975,2020-03-24 19:11:09.032,Chambre à coucher
2020-03-24 19:11:09.032,2020-03-24 19:11:29.812,Couloir principal
2020-03-24 19:11:29.812,2020-03-24 19:11:50.645,Coin cuisine
2020-03-24 19:11:58.592,2020-03-24 19:13:49.847,Couloir principal
2020-03-24 19:13:50.956,2020-03-24 19:15:39.985,Coin cuisine
2020-03-24 19:15:39.985,2020-03-24 19:16:29.111,Placard cuisine
2020-03-24 19:15:55.500,2020-03-24 19:18:16.116,Réfrigérateur
2020-03-24 19:18:16.116,2020-03-24 19:29:07.143,Coin cuisine
2020-03-24 19:29:07.143,2020-03-24 19:29:16.279,Placard cuisine
2020-03-24 19:29:16.279,2020-03-24 19:34:28.472,Coin cuisine
2020-03-24 19:34:28.472,2020-03-24 19:34:58.496,Réfrigérateur
2020-03-24 19:34:58.496,2020-03-24 19:37:24.943,Coin cuisine
2020-03-24 19:37:24.943,2020-03-24 19:38:41.911,Placard cuisine
2020-03-24 19:38:41.911,2020-03-24 19:38:42.030,Coin cuisine
2020-03-24 19:42:02.701,2020-03-24 19:44:13.327,Coin cuisine
2020-03-24 19:44:13.327,2020-03-24 19:44:19.728,Placard cuisine
2020-03-24 19:44:19.728,2020-03-24 19:45:25.753,Coin cuisine
2020-03-24 19:45:25.753,2020-03-24 19:45:58.851,Placard cuisine
2020-03-24 19:45:26.876,2020-03-24 19:46:29.901,Coin cuisine
2020-03-24 19:45:58.851,2020-03-24 19:46:36.969,Placard cuisine
2020-03-24 19:46:36.969,2020-03-24 19:49:39.770,Coin cuisine
2020-03-24 19:49:39.770,2020-03-24 19:52:32.125,Terrasse
2020-03-24 19:51:45.178,2020-03-24 19:52:38.699,Coin cuisine
2020-03-24 19:52:32.125,2020-03-24 19:52:43.672,Couloir principal
2020-03-24 19:52:43.672,2020-03-24 19:55:49.397,Salle de bain
2020-03-24 19:55:49.397,2020-03-24 19:56:03.420,Couloir principal
2020-03-24 19:56:02.337,2020-03-24 19:56:05.896,Coin cuisine
2020-03-24 19:56:53.678,2020-03-24 19:58:20.668,Coin cuisine
2020-03-24 20:00:45.377,2020-03-24 20:01:24.543,Réfrigérateur
2020-03-24 20:03:17.054,2020-03-24 20:05:18.399,Coin cuisine
2020-03-24 20:05:24.251,2020-03-24 20:05:32.700,Réfrigérateur
2020-03-24 20:06:02.005,2020-03-24 20:12:52.534,Coin cuisine
2020-03-24 20:13:19.694,2020-03-24 20:13:25.550,Couloir principal
2020-03-24 20:13:22.266,2020-03-24 20:14:33.284,Coin cuisine
2020-03-24 20:15:19.068,2020-03-24 20:17:57.951,Couloir principal
2020-03-24 20:17:51.044,2020-03-24 20:18:00.738,Coin cuisine
2020-03-24 21:35:21.303,2020-03-24 21:35:35.938,Couloir principal
2020-03-24 21:35:35.938,2020-03-24 21:38:44.509,Coin cuisine
2020-03-24 22:47:37.352,2020-03-24 22:47:42.259,Couloir principal
2020-03-24 22:47:42.259,2020-03-24 22:48:11.282,Chambre 2
2020-03-24 22:47:58.817,2020-03-24 22:48:19.689,Couloir principal
2020-03-24 22:48:19.689,2020-03-24 22:48:28.117,Coin cuisine
2020-03-24 22:48:35.206,2020-03-24 22:48:35.322,Couloir principal
2020-03-24 22:48:35.322,2020-03-24 22:51:52.791,Toilette
2020-03-24 22:51:52.791,2020-03-25 01:57:54.124,Chambre à coucher
2020-03-25 01:57:54.124,2020-03-25 02:00:45.418,Toilette
2020-03-25 02:00:45.418,2020-03-25 07:01:03.662,Chambre à coucher
2020-03-25 07:01:03.662,2020-03-25 07:02:47.228,Toilette
2020-03-25 07:02:47.228,2020-03-25 07:56:58.921,Chambre à coucher
2020-03-25 07:56:58.921,2020-03-25 07:58:50.613,Couloir principal
2020-03-25 07:58:46.234,2020-03-25 08:02:31.707,Toilette
2020-03-25 08:02:31.707,2020-03-25 08:03:30.789,Couloir principal
2020-03-25 08:03:30.789,2020-03-25 08:05:07.982,Coin cuisine
2020-03-25 08:05:07.982,2020-03-25 08:06:48.690,Réfrigérateur
2020-03-25 08:06:48.690,2020-03-25 08:07:20.360,Coin cuisine
2020-03-25 08:07:09.443,2020-03-25 08:07:21.282,Placard cuisine
2020-03-25 08:07:21.282,2020-03-25 08:10:35.932,Coin cuisine
2020-03-25 08:10:35.932,2020-03-25 08:10:57.448,Placard cuisine
2020-03-25 08:42:28.075,2020-03-25 08:44:17.326,Réfrigérateur
2020-03-25 08:44:17.326,2020-03-25 08:56:07.175,Coin cuisine
2020-03-25 08:57:17.985,2020-03-25 08:57:18.106,Terrasse
2020-03-25 08:57:18.106,2020-03-25 08:58:22.990,Coin cuisine
2020-03-25 08:58:16.021,2020-03-25 08:58:25.075,Couloir principal
2020-03-25 08:58:25.075,2020-03-25 08:58:57.397,Salle de bain
2020-03-25 08:58:57.397,2020-03-25 09:14:53.597,Chambre à coucher
2020-03-25 09:14:53.597,2020-03-25 09:17:45.999,Toilette
2020-03-25 09:15:08.437,2020-03-25 09:17:49.771,Couloir principal
2020-03-25 09:18:25.796,2020-03-25 09:20:15.204,Terrasse
2020-03-25 10:04:44.930,2020-03-25 10:04:56.389,Toilette
2020-03-25 10:04:56.389,2020-03-25 10:06:06.045,Couloir principal
2020-03-25 10:06:06.045,2020-03-25 10:18:46.172,Coin cuisine
2020-03-25 10:18:47.562,2020-03-25 10:45:13.965,Chambre à coucher
2020-03-25 10:42:43.534,2020-03-25 10:45:18.240,Couloir principal
2020-03-25 12:05:25.621,2020-03-25 12:05:37.743,Couloir principal
2020-03-25 12:05:27.673,2020-03-25 12:10:12.247,Toilette
2020-03-25 12:10:12.247,2020-03-25 12:12:24.876,Chambre à coucher
2020-03-25 12:20:42.086,2020-03-25 12:20:48.630,Coin cuisine
2020-03-25 12:25:24.324,2020-03-25 12:32:49.492,Coin cuisine
2020-03-25 12:32:49.492,2020-03-25 12:35:36.836,Réfrigérateur
2020-03-25 12:35:36.836,2020-03-25 12:45:27.041,Coin cuisine
2020-03-25 12:45:27.041,2020-03-25 12:45:55.529,Placard cuisine
2020-03-25 12:45:55.529,2020-03-25 12:46:33.608,Coin cuisine
2020-03-25 12:46:33.608,2020-03-25 12:46:45.054,Placard cuisine
2020-03-25 12:46:45.054,2020-03-25 12:47:10.962,Coin cuisine
2020-03-25 12:47:13.762,2020-03-25 12:47:33.182,Couloir principal
2020-03-25 12:47:33.182,2020-03-25 12:48:05.907,Salle de bain
2020-03-25 12:48:38.649,2020-03-25 12:48:54.789,Couloir principal
2020-03-25 13:34:20.041,2020-03-25 13:34:29.558,Couloir principal
2020-03-25 13:34:29.558,2020-03-25 13:36:00.333,Toilette
2020-03-25 13:36:00.333,2020-03-25 13:38:14.434,Chambre 2
2020-03-25 13:36:01.627,2020-03-25 13:38:23.768,Couloir principal
2020-03-25 15:17:01.426,2020-03-25 15:17:09.345,Couloir principal
2020-03-25 15:17:36.480,2020-03-25 15:17:36.660,Chambre à coucher
2020-03-25 15:31:26.591,2020-03-25 15:51:10.301,Coin cuisine
2020-03-25 15:51:10.301,2020-03-25 15:51:32.776,Réfrigérateur
2020-03-25 15:51:32.776,2020-03-25 16:12:35.878,Coin cuisine
2020-03-25 16:12:35.878,2020-03-25 16:12:51.738,Placard cuisine
2020-03-25 16:43:58.689,2020-03-25 16:45:16.255,Couloir principal
2020-03-25 16:44:01.763,2020-03-25 16:45:18.328,Toilette
2020-03-25 16:45:16.255,2020-03-25 16:45:40.202,Couloir principal
2020-03-25 16:45:18.328,2020-03-25 16:45:45.073,Coin cuisine
2020-03-25 16:45:40.202,2020-03-25 16:45:48.145,Placard cuisine
2020-03-25 16:45:45.073,2020-03-25 16:46:16.305,Coin cuisine
2020-03-25 16:45:48.145,2020-03-25 16:49:54.771,Réfrigérateur
2020-03-25 17:35:02.132,2020-03-25 17:35:06.943,Couloir principal
2020-03-25 17:35:06.943,2020-03-25 17:35:55.323,Couloir principal
2020-03-25 18:27:39.241,2020-03-25 18:27:45.336,Couloir principal
2020-03-25 18:27:45.336,2020-03-25 18:29:09.521,Toilette
2020-03-25 19:11:00.948,2020-03-25 19:24:55.484,Coin cuisine
2020-03-25 19:24:55.484,2020-03-25 19:25:06.445,Placard cuisine
2020-03-25 19:25:06.445,2020-03-25 19:25:31.393,Coin cuisine
2020-03-25 19:25:31.393,2020-03-25 19:25:44.451,Placard cuisine
2020-03-25 19:25:44.451,2020-03-25 19:26:25.465,Coin cuisine
2020-03-25 19:26:25.465,2020-03-25 19:31:52.301,Couloir principal
2020-03-25 19:31:04.773,2020-03-25 19:34:31.141,Toilette
2020-03-25 19:34:31.141,2020-03-25 19:34:45.437,Chambre à coucher
2020-03-25 19:34:45.437,2020-03-25 19:36:42.028,Couloir principal
2020-03-25 19:36:42.028,2020-03-25 19:37:04.365,Coin cuisine
2020-03-25 19:37:04.365,2020-03-25 19:37:56.109,Placard cuisine
2020-03-25 19:37:56.109,2020-03-25 19:39:48.296,Coin cuisine
2020-03-25 19:39:48.296,2020-03-25 19:41:48.174,Réfrigérateur
2020-03-25 19:41:48.174,2020-03-25 19:42:51.446,Coin cuisine
2020-03-25 19:42:51.446,2020-03-25 19:44:15.360,Placard cuisine
2020-03-25 19:44:15.360,2020-03-25 19:54:02.834,Coin cuisine
2020-03-25 19:54:02.834,2020-03-25 19:54:17.173,Réfrigérateur
2020-03-25 19:54:17.173,2020-03-25 19:56:36.702,Coin cuisine
2020-03-25 19:56:40.477,2020-03-25 19:56:56.496,Placard cuisine
2020-03-25 19:57:04.771,2020-03-25 20:11:41.842,Coin cuisine
2020-03-25 20:51:01.720,2020-03-25 20:51:17.319,Couloir principal
2020-03-25 20:51:02.626,2020-03-25 20:53:53.589,Chambre à coucher
2020-03-25 20:51:17.319,2020-03-25 20:53:55.781,Couloir principal
2020-03-26 00:11:10.812,2020-03-26 00:11:27.398,Couloir principal
2020-03-26 00:11:27.398,2020-03-26 00:12:36.935,Toilette
2020-03-26 00:12:41.411,2020-03-26 02:37:22.138,Chambre à coucher
2020-03-26 02:37:22.138,2020-03-26 02:39:27.922,Toilette
2020-03-26 02:39:27.922,2020-03-26 08:30:11.073,Chambre à coucher
2020-03-26 08:36:17.039,2020-03-26 08:36:19.934,Couloir principal
2020-03-26 08:36:24.466,2020-03-26 08:39:08.817,Coin cuisine
2020-03-26 08:39:20.069,2020-03-26 08:39:31.059,Réfrigérateur
2020-03-26 08:40:21.212,2020-03-26 08:42:53.284,Coin cuisine
2020-03-26 08:42:53.284,2020-03-26 08:42:56.663,Placard cuisine
2020-03-26 08:42:56.663,2020-03-26 08:43:10.999,Coin cuisine
2020-03-26 08:43:10.999,2020-03-26 08:43:53.080,Placard cuisine
2020-03-26 08:43:53.080,2020-03-26 08:45:39.661,Coin cuisine
2020-03-26 08:45:39.661,2020-03-26 08:45:50.732,Placard cuisine
2020-03-26 09:17:32.629,2020-03-26 09:18:34.020,Réfrigérateur
2020-03-26 09:18:34.020,2020-03-26 09:26:01.735,Coin cuisine
2020-03-26 09:26:01.735,2020-03-26 09:28:02.519,Terrasse
2020-03-26 09:28:02.519,2020-03-26 09:28:13.773,Coin cuisine
2020-03-26 09:28:13.773,2020-03-26 09:28:51.008,Couloir principal
2020-03-26 09:28:51.008,2020-03-26 10:47:22.466,Chambre à coucher
2020-03-26 10:47:22.466,2020-03-26 10:47:43.120,Couloir principal
2020-03-26 10:47:43.120,2020-03-26 11:03:16.130,Coin cuisine
2020-03-26 11:03:22.910,2020-03-26 11:12:57.244,Coin cuisine
2020-03-26 11:12:50.879,2020-03-26 11:13:01.802,Couloir principal
2020-03-26 11:13:01.802,2020-03-26 11:13:38.346,Coin cuisine
2020-03-26 11:13:38.346,2020-03-26 11:14:32.591,Couloir principal
2020-03-26 11:13:40.248,2020-03-26 11:48:31.680,Sortie de maison
2020-03-26 11:48:31.680,2020-03-26 11:48:37.408,Coin cuisine
2020-03-26 12:08:38.147,2020-03-26 12:12:28.768,Coin cuisine
2020-03-26 12:12:49.694,2020-03-26 12:13:00.640,Réfrigérateur
2020-03-26 12:18:46.477,2020-03-26 12:19:25.256,Coin cuisine
2020-03-26 12:19:25.256,2020-03-26 12:19:29.150,Placard cuisine
2020-03-26 12:19:29.150,2020-03-26 12:21:17.011,Coin cuisine
2020-03-26 12:21:17.011,2020-03-26 12:21:26.453,Placard cuisine
2020-03-26 12:21:26.453,2020-03-26 12:33:32.905,Coin cuisine
2020-03-26 12:33:32.905,2020-03-26 12:36:00.121,Couloir principal
2020-03-26 12:35:56.486,2020-03-26 12:37:36.613,Coin cuisine
2020-03-26 12:36:00.121,2020-03-26 12:37:46.779,Toilette
2020-03-26 12:37:36.613,2020-03-26 12:37:50.316,Couloir principal
2020-03-26 12:37:50.316,2020-03-26 12:38:40.428,Coin cuisine
2020-03-26 12:38:40.428,2020-03-26 12:38:45.332,Placard cuisine
2020-03-26 13:29:32.417,2020-03-26 13:29:42.870,Couloir principal
2020-03-26 13:29:48.461,2020-03-26 13:30:50.791,Coin cuisine
2020-03-26 13:32:02.819,2020-03-26 13:32:14.329,Réfrigérateur
2020-03-26 13:32:17.247,2020-03-26 13:33:50.847,Coin cuisine
2020-03-26 13:33:50.847,2020-03-26 13:34:03.210,Placard cuisine
2020-03-26 13:34:03.210,2020-03-26 13:42:34.108,Coin cuisine
2020-03-26 13:42:34.108,2020-03-26 13:42:36.469,Placard cuisine
2020-03-26 13:42:36.469,2020-03-26 13:43:18.130,Coin cuisine
2020-03-26 15:26:02.359,2020-03-26 15:26:06.464,Couloir principal
2020-03-26 15:26:06.464,2020-03-26 15:27:40.137,Toilette
2020-03-26 15:27:40.137,2020-03-26 15:27:59.006,Coin cuisine
2020-03-26 15:27:57.854,2020-03-26 15:28:10.209,Couloir principal
2020-03-26 15:27:59.006,2020-03-26 15:30:24.638,Coin cuisine
2020-03-26 15:30:24.638,2020-03-26 15:32:27.201,Couloir principal
2020-03-26 16:46:53.688,2020-03-26 16:47:07.042,Placard cuisine
2020-03-26 16:47:07.042,2020-03-26 16:53:03.339,Coin cuisine
2020-03-26 16:53:03.339,2020-03-26 16:53:12.317,Placard cuisine
2020-03-26 16:53:12.317,2020-03-26 16:54:25.664,Coin cuisine
2020-03-26 16:54:27.357,2020-03-26 16:55:54.354,Couloir principal
2020-03-26 16:54:29.039,2020-03-26 16:56:00.191,Toilette
2020-03-26 16:55:54.354,2020-03-26 16:56:01.247,Couloir principal
2020-03-26 16:56:01.247,2020-03-26 16:56:41.610,Coin cuisine
2020-03-26 16:56:41.610,2020-03-26 16:58:22.273,Terrasse
2020-03-26 17:45:25.783,2020-03-26 17:45:35.569,Couloir principal
2020-03-26 17:45:35.569,2020-03-26 17:45:44.517,Chambre 2
2020-03-26 18:30:46.611,2020-03-26 18:32:18.267,Couloir principal
2020-03-26 18:30:50.561,2020-03-26 18:32:29.678,Toilette
2020-03-26 18:32:29.678,2020-03-26 18:33:16.421,Chambre à coucher
2020-03-26 18:33:16.421,2020-03-26 18:34:02.388,Couloir principal
2020-03-26 18:34:08.353,2020-03-26 18:47:57.354,Coin cuisine
2020-03-26 18:47:57.354,2020-03-26 18:48:50.995,Placard cuisine
2020-03-26 18:48:50.995,2020-03-26 18:48:57.884,Réfrigérateur
2020-03-26 18:48:57.884,2020-03-26 18:52:21.460,Coin cuisine
2020-03-26 19:31:31.522,2020-03-26 19:32:15.894,Réfrigérateur
2020-03-26 19:32:46.029,2020-03-26 19:32:54.838,Coin cuisine
2020-03-26 19:32:54.838,2020-03-26 19:33:00.734,Placard cuisine
2020-03-26 19:33:00.734,2020-03-26 19:43:03.268,Coin cuisine
2020-03-26 19:49:53.484,2020-03-26 19:58:19.599,Coin cuisine
2020-03-26 19:58:19.599,2020-03-26 19:58:38.455,Couloir principal
2020-03-26 19:58:21.061,2020-03-26 20:00:01.404,Chambre 2
2020-03-26 19:58:38.455,2020-03-26 20:00:09.043,Toilette
2020-03-26 20:00:09.043,2020-03-26 20:01:52.678,Chambre à coucher
2020-03-26 20:01:52.678,2020-03-26 20:03:24.798,Couloir principal
2020-03-26 20:49:54.855,2020-03-26 20:50:21.851,Placard cuisine
2020-03-26 20:50:21.851,2020-03-26 20:50:45.346,Coin cuisine
2020-03-26 21:01:36.634,2020-03-26 21:16:05.888,Coin cuisine
2020-03-26 21:16:43.629,2020-03-26 21:16:53.055,Placard cuisine
2020-03-26 22:35:33.499,2020-03-26 22:35:43.971,Placard cuisine
2020-03-26 22:35:49.335,2020-03-26 22:43:17.536,Coin cuisine
2020-03-26 22:51:35.000,2020-03-26 23:02:45.660,Chambre à coucher
2020-03-26 23:02:45.660,2020-03-26 23:03:55.383,Toilette
2020-03-26 23:02:47.027,2020-03-26 23:03:58.360,Couloir principal
2020-03-26 23:03:58.360,2020-03-26 23:05:16.845,Coin cuisine
2020-03-26 23:05:16.845,2020-03-26 23:05:52.359,Couloir principal
2020-03-26 23:05:52.359,2020-03-27 04:49:01.798,Chambre à coucher
2020-03-27 04:49:13.896,2020-03-27 04:50:33.091,Toilette
2020-03-27 04:50:39.674,2020-03-27 07:37:42.521,Chambre à coucher
2020-03-27 07:37:42.521,2020-03-27 07:40:40.201,Toilette
2020-03-27 07:40:40.201,2020-03-27 07:40:54.608,Chambre à coucher
2020-03-27 07:40:54.608,2020-03-27 07:45:19.218,Couloir principal
2020-03-27 07:45:19.218,2020-03-27 07:51:04.699,Coin cuisine
2020-03-27 07:51:04.699,2020-03-27 07:51:14.168,Placard cuisine
2020-03-27 07:51:14.168,2020-03-27 07:51:26.313,Coin cuisine
2020-03-27 07:51:26.313,2020-03-27 07:52:09.927,Placard cuisine
2020-03-27 07:52:09.927,2020-03-27 07:53:53.168,Coin cuisine
2020-03-27 07:53:53.168,2020-03-27 07:54:00.462,Couloir principal
2020-03-27 07:54:00.462,2020-03-27 07:54:22.113,Chambre 2
2020-03-27 08:56:15.579,2020-03-27 08:56:18.653,Couloir principal
2020-03-27 08:56:22.839,2020-03-27 09:03:48.823,Coin cuisine
2020-03-27 09:03:48.823,2020-03-27 09:03:59.093,Couloir principal
2020-03-27 09:03:59.093,2020-03-27 09:09:16.569,Chambre à coucher
2020-03-27 09:09:16.569,2020-03-27 09:09:54.006,Couloir principal
2020-03-27 09:09:54.006,2020-03-27 09:10:46.996,Coin cuisine
2020-03-27 09:40:02.238,2020-03-27 09:40:56.916,Coin cuisine
2020-03-27 09:40:56.916,2020-03-27 09:41:26.901,Réfrigérateur
2020-03-27 09:41:13.134,2020-03-27 09:41:31.580,Coin cuisine
2020-03-27 09:41:33.671,2020-03-27 09:42:52.176,Couloir principal
2020-03-27 09:42:56.417,2020-03-27 09:43:06.789,Coin cuisine
2020-03-27 09:50:06.585,2020-03-27 10:28:38.904,Sortie de maison
2020-03-27 10:35:15.022,2020-03-27 10:48:23.833,Coin cuisine
2020-03-27 10:48:23.833,2020-03-27 10:49:55.363,Réfrigérateur
2020-03-27 10:49:39.820,2020-03-27 10:50:49.290,Coin cuisine
2020-03-27 10:50:49.290,2020-03-27 10:51:25.528,Réfrigérateur
2020-03-27 10:51:38.542,2020-03-27 10:53:06.095,Coin cuisine
2020-03-27 10:53:06.095,2020-03-27 10:55:45.589,Réfrigérateur
2020-03-27 10:55:45.589,2020-03-27 10:55:50.470,Placard cuisine
2020-03-27 10:55:51.431,2020-03-27 10:56:27.976,Coin cuisine
2020-03-27 10:58:36.928,2020-03-27 11:05:19.630,Coin cuisine
2020-03-27 11:05:26.027,2020-03-27 11:06:13.299,Couloir principal
2020-03-27 11:06:29.427,2020-03-27 11:19:53.244,Coin cuisine
2020-03-27 11:19:53.244,2020-03-27 11:20:01.692,Placard cuisine
2020-03-27 11:20:01.692,2020-03-27 11:20:12.290,Coin cuisine
2020-03-27 11:20:12.290,2020-03-27 11:20:20.326,Placard cuisine
2020-03-27 11:20:20.326,2020-03-27 11:26:53.654,Coin cuisine
2020-03-27 11:54:28.205,2020-03-27 11:55:52.237,Coin cuisine
2020-03-27 12:34:21.618,2020-03-27 12:34:21.737,Placard cuisine
2020-03-27 13:06:44.415,2020-03-27 13:09:20.600,Réfrigérateur
2020-03-27 13:09:20.600,2020-03-27 13:09:28.133,Coin cuisine
2020-03-27 13:09:28.133,2020-03-27 13:09:50.575,Placard cuisine
2020-03-27 13:09:50.575,2020-03-27 13:11:57.721,Coin cuisine
2020-03-27 13:14:16.363,2020-03-27 13:17:40.389,Coin cuisine
2020-03-27 13:17:40.389,2020-03-27 13:19:19.993,Placard cuisine
2020-03-27 13:19:19.993,2020-03-27 13:20:37.407,Coin cuisine
2020-03-27 13:21:18.951,2020-03-27 13:21:24.465,Coin cuisine
2020-03-27 13:21:22.552,2020-03-27 13:22:45.542,Couloir principal
2020-03-27 13:21:24.465,2020-03-27 13:22:54.614,Toilette
2020-03-27 13:22:54.614,2020-03-27 13:22:59.520,Couloir principal
2020-03-27 13:22:59.520,2020-03-27 13:24:48.352,Chambre 2
2020-03-27 13:24:10.850,2020-03-27 13:24:52.843,Couloir principal
2020-03-27 13:24:48.352,2020-03-27 13:24:54.186,Coin cuisine
2020-03-27 13:24:52.843,2020-03-27 13:25:14.303,Chambre 2
2020-03-27 13:25:14.303,2020-03-27 13:45:15.272,Coin cuisine
2020-03-27 13:45:15.272,2020-03-27 13:46:20.126,Placard cuisine
2020-03-27 13:46:20.126,2020-03-27 13:49:15.151,Coin cuisine
2020-03-27 13:49:15.151,2020-03-27 13:49:27.965,Placard cuisine
2020-03-27 15:41:59.935,2020-03-27 15:42:04.098,Couloir principal
2020-03-27 16:16:12.572,2020-03-27 16:16:54.667,Coin cuisine
2020-03-27 16:17:23.557,2020-03-27 16:17:52.519,Réfrigérateur
2020-03-27 16:18:01.489,2020-03-27 16:18:11.462,Coin cuisine
2020-03-27 16:21:03.275,2020-03-27 16:29:43.390,Terrasse
2020-03-27 17:41:59.798,2020-03-27 17:42:12.859,Placard cuisine
2020-03-27 17:42:12.859,2020-03-27 17:43:13.330,Coin cuisine
2020-03-27 17:43:13.330,2020-03-27 17:43:21.059,Couloir principal
2020-03-27 17:43:21.059,2020-03-27 17:44:56.050,Toilette
2020-03-27 17:44:29.912,2020-03-27 17:44:57.055,Coin cuisine
2020-03-27 17:44:56.050,2020-03-27 17:45:36.167,Couloir principal
2020-03-27 17:45:36.167,2020-03-27 17:47:44.623,Coin cuisine
2020-03-27 17:47:44.623,2020-03-27 17:50:56.445,Réfrigérateur
2020-03-27 19:49:14.223,2020-03-27 19:49:19.619,Couloir principal
2020-03-27 19:55:00.802,2020-03-27 19:55:13.096,Chambre à coucher
2020-03-27 19:55:13.096,2020-03-27 19:58:15.028,Toilette
2020-03-27 19:58:15.028,2020-03-27 19:58:18.420,Couloir principal
2020-03-27 19:58:25.177,2020-03-27 20:00:14.238,Coin cuisine
2020-03-27 20:00:14.238,2020-03-27 20:04:55.110,Terrasse
2020-03-27 20:04:55.110,2020-03-27 20:08:22.633,Coin cuisine
2020-03-27 20:08:48.540,2020-03-27 20:09:03.526,Réfrigérateur
2020-03-27 20:09:21.400,2020-03-27 20:09:29.210,Coin cuisine
2020-03-27 20:09:29.210,2020-03-27 20:10:02.752,Placard cuisine
2020-03-27 20:10:02.752,2020-03-27 20:17:33.345,Coin cuisine
2020-03-27 20:17:33.345,2020-03-27 20:19:03.481,Réfrigérateur
2020-03-27 20:18:39.834,2020-03-27 20:27:59.435,Coin cuisine
2020-03-27 20:28:34.594,2020-03-27 20:53:44.765,Coin cuisine
2020-03-27 20:53:44.765,2020-03-27 20:53:53.345,Placard cuisine
2020-03-27 20:53:53.345,2020-03-27 20:56:09.684,Coin cuisine
2020-03-27 20:56:27.482,2020-03-27 20:58:25.856,Couloir principal
2020-03-27 22:30:51.567,2020-03-27 22:31:04.934,Couloir principal
2020-03-27 22:31:04.934,2020-03-27 22:33:27.482,Toilette
2020-03-27 22:33:27.482,2020-03-27 22:33:50.645,Chambre à coucher
2020-03-27 22:41:19.159,2020-03-27 22:41:22.782,Coin cuisine
2020-03-28 00:27:49.777,2020-03-28 00:27:53.522,Couloir principal
2020-03-28 00:27:52.436,2020-03-28 00:31:13.157,Coin cuisine
2020-03-28 00:27:53.522,2020-03-28 00:32:24.649,Toilette
2020-03-28 00:31:13.157,2020-03-28 00:32:32.333,Salle de bain
2020-03-28 00:32:32.333,2020-03-28 03:03:03.959,Chambre à coucher
2020-03-28 03:03:03.959,2020-03-28 03:04:50.327,Toilette
2020-03-28 03:04:50.327,2020-03-28 08:20:29.536,Chambre à coucher
2020-03-28 08:26:15.191,2020-03-28 08:26:57.677,Coin cuisine
2020-03-28 08:26:19.601,2020-03-28 08:32:15.773,Terrasse
2020-03-28 08:32:15.773,2020-03-28 08:36:47.258,Coin cuisine
2020-03-28 08:37:14.077,2020-03-28 08:38:14.525,Placard cuisine
2020-03-28 09:18:56.397,2020-03-28 09:19:47.665,Couloir principal
2020-03-28 09:18:58.570,2020-03-28 09:19:58.956,Toilette
2020-03-28 09:19:58.956,2020-03-28 11:10:56.859,Chambre à coucher
2020-03-28 11:10:56.859,2020-03-28 11:15:05.852,Chambre 2
2020-03-28 11:15:01.175,2020-03-28 11:15:14.661,Couloir principal
2020-03-28 11:15:14.661,2020-03-28 11:29:31.477,Coin cuisine
2020-03-28 11:29:33.672,2020-03-28 11:29:40.175,Couloir principal
2020-03-28 11:29:40.175,2020-03-28 11:31:04.445,Toilette
2020-03-28 11:31:04.445,2020-03-28 11:31:27.850,Couloir principal
2020-03-28 12:13:54.036,2020-03-28 12:14:25.212,Réfrigérateur
2020-03-28 12:15:31.841,2020-03-28 12:19:04.351,Coin cuisine
2020-03-28 12:19:13.388,2020-03-28 12:29:01.688,Coin cuisine
2020-03-28 12:29:01.688,2020-03-28 12:29:01.804,Couloir principal
2020-03-28 12:29:06.830,2020-03-28 12:32:10.996,Couloir principal
2020-03-28 12:32:11.876,2020-03-28 12:46:22.695,Coin cuisine
2020-03-28 12:46:38.258,2020-03-28 12:46:40.145,Réfrigérateur
2020-03-28 14:11:23.511,2020-03-28 14:11:38.609,Placard cuisine
2020-03-28 15:06:26.323,2020-03-28 15:06:31.004,Couloir principal
2020-03-28 15:06:28.113,2020-03-28 15:10:39.517,Coin cuisine
2020-03-28 15:06:31.004,2020-03-28 15:12:39.210,Toilette
2020-03-28 15:12:39.210,2020-03-28 15:12:43.247,Chambre à coucher
2020-03-28 15:12:43.247,2020-03-28 15:15:48.392,Couloir principal
2020-03-28 15:15:48.392,2020-03-28 15:18:28.017,Coin cuisine
2020-03-28 15:18:43.642,2020-03-28 15:22:20.935,Couloir principal
2020-03-28 15:28:02.632,2020-03-28 16:15:24.753,Sortie de maison
2020-03-28 16:15:24.753,2020-03-28 16:19:07.850,Couloir principal
2020-03-28 16:19:07.850,2020-03-28 16:19:41.380,Coin cuisine
2020-03-28 16:19:41.380,2020-03-28 16:22:21.608,Réfrigérateur
2020-03-28 16:22:21.608,2020-03-28 16:29:01.315,Coin cuisine
2020-03-28 16:29:05.439,2020-03-28 16:29:11.799,Couloir principal
2020-03-28 16:29:11.799,2020-03-28 16:29:49.851,Coin cuisine
2020-03-28 16:29:49.851,2020-03-28 16:32:27.582,Couloir principal
2020-03-28 16:32:27.582,2020-03-28 16:32:37.337,Coin cuisine
2020-03-28 16:33:19.553,2020-03-28 16:41:04.460,Coin cuisine
2020-03-28 16:48:09.304,2020-03-28 16:59:23.396,Coin cuisine
2020-03-28 16:59:23.396,2020-03-28 16:59:47.343,Placard cuisine
2020-03-28 16:59:35.065,2020-03-28 16:59:49.135,Coin cuisine
2020-03-28 16:59:47.343,2020-03-28 17:00:06.823,Placard cuisine
2020-03-28 17:56:03.808,2020-03-28 17:58:00.984,Réfrigérateur
2020-03-28 17:57:25.843,2020-03-28 17:58:23.839,Placard cuisine
2020-03-28 17:58:23.839,2020-03-28 17:58:35.821,Coin cuisine
2020-03-28 17:58:53.813,2020-03-28 17:59:12.316,Placard cuisine
2020-03-28 17:59:15.022,2020-03-28 18:02:46.166,Coin cuisine
2020-03-28 18:03:10.755,2020-03-28 18:04:10.269,Couloir principal
2020-03-28 18:03:14.796,2020-03-28 18:07:13.164,Chambre 2
2020-03-28 18:04:10.269,2020-03-28 18:11:03.541,Toilette
2020-03-28 18:07:13.164,2020-03-28 18:11:43.902,Couloir principal
2020-03-28 18:45:28.475,2020-03-28 18:45:38.377,Placard cuisine
2020-03-28 18:45:38.377,2020-03-28 18:52:37.332,Coin cuisine
2020-03-28 19:29:24.018,2020-03-28 19:30:56.756,Coin cuisine
2020-03-28 19:30:56.756,2020-03-28 19:31:05.198,Placard cuisine
2020-03-28 19:31:05.198,2020-03-28 19:31:48.838,Coin cuisine
2020-03-28 19:31:48.838,2020-03-28 19:32:10.309,Réfrigérateur
2020-03-28 19:32:10.309,2020-03-28 19:34:16.571,Coin cuisine
2020-03-28 19:49:27.591,2020-03-28 19:50:11.376,Réfrigérateur
2020-03-28 19:50:11.376,2020-03-28 19:50:19.531,Coin cuisine
2020-03-28 19:50:15.385,2020-03-28 19:50:31.565,Placard cuisine
2020-03-28 19:50:31.565,2020-03-28 19:51:11.985,Coin cuisine
2020-03-28 19:51:11.985,2020-03-28 19:51:25.190,Placard cuisine
2020-03-28 19:51:25.190,2020-03-28 19:52:37.824,Coin cuisine
2020-03-28 19:52:37.824,2020-03-28 19:52:46.263,Placard cuisine
2020-03-28 19:52:46.263,2020-03-28 19:53:07.119,Coin cuisine
2020-03-28 19:53:07.119,2020-03-28 19:59:53.161,Terrasse
2020-03-28 19:59:53.161,2020-03-28 20:00:20.017,Coin cuisine
2020-03-28 20:00:20.017,2020-03-28 20:00:52.123,Placard cuisine
2020-03-28 20:00:52.123,2020-03-28 20:00:57.571,Coin cuisine
2020-03-28 20:00:57.571,2020-03-28 20:01:09.537,Placard cuisine
2020-03-28 21:21:58.409,2020-03-28 21:22:13.813,Couloir principal
2020-03-28 22:07:22.613,2020-03-28 22:09:14.997,Couloir principal
2020-03-28 22:07:25.899,2020-03-28 22:09:16.625,Toilette
2020-03-28 22:09:14.997,2020-03-28 22:09:19.661,Couloir principal
2020-03-28 23:03:16.811,2020-03-28 23:03:59.926,Couloir principal
2020-03-28 23:03:59.926,2020-03-28 23:05:16.465,Chambre à coucher
2020-03-28 23:05:16.465,2020-03-28 23:09:02.292,Couloir principal
2020-03-28 23:09:02.292,2020-03-28 23:10:14.293,Coin cuisine
2020-03-28 23:10:14.293,2020-03-28 23:10:23.908,Réfrigérateur
2020-03-28 23:10:23.908,2020-03-28 23:13:59.917,Coin cuisine
2020-03-28 23:13:59.917,2020-03-28 23:14:13.237,Placard cuisine
2020-03-28 23:14:07.803,2020-03-28 23:14:14.218,Coin cuisine
2020-03-28 23:14:13.237,2020-03-28 23:15:16.053,Placard cuisine
2020-03-28 23:15:16.053,2020-03-28 23:16:56.520,Coin cuisine
2020-03-28 23:16:56.520,2020-03-28 23:19:59.578,Couloir principal
2020-03-28 23:17:03.062,2020-03-28 23:31:23.530,Chambre à coucher
2020-03-28 23:31:34.930,2020-03-29 07:53:48.057,Chambre à coucher
2020-03-29 07:53:48.057,2020-03-29 07:55:35.203,Toilette
2020-03-29 07:55:35.203,2020-03-29 10:09:57.104,Chambre à coucher
2020-03-29 10:09:57.104,2020-03-29 10:13:29.427,Toilette
2020-03-29 10:13:29.427,2020-03-29 10:14:49.575,Chambre à coucher
2020-03-29 10:17:25.188,2020-03-29 10:17:48.909,Couloir principal
2020-03-29 10:17:57.965,2020-03-29 10:23:46.033,Coin cuisine
2020-03-29 10:23:46.033,2020-03-29 10:23:51.455,Placard cuisine
2020-03-29 10:23:51.455,2020-03-29 10:24:01.962,Coin cuisine
2020-03-29 10:24:01.962,2020-03-29 10:24:04.818,Placard cuisine
2020-03-29 10:24:04.818,2020-03-29 10:31:35.814,Coin cuisine
2020-03-29 10:31:35.814,2020-03-29 10:32:35.112,Réfrigérateur
2020-03-29 10:32:35.112,2020-03-29 10:32:45.072,Coin cuisine
2020-03-29 10:32:45.072,2020-03-29 10:32:52.453,Couloir principal
2020-03-29 10:32:52.453,2020-03-29 10:33:07.677,Chambre à coucher
2020-03-29 10:33:07.677,2020-03-29 10:35:06.983,Couloir principal
2020-03-29 10:35:13.761,2020-03-29 10:55:25.019,Coin cuisine
2020-03-29 10:55:25.019,2020-03-29 10:57:39.587,Réfrigérateur
2020-03-29 10:56:01.532,2020-03-29 10:58:55.004,Coin cuisine
2020-03-29 10:57:39.587,2020-03-29 10:58:56.641,Couloir principal
2020-03-29 10:58:56.641,2020-03-29 10:59:15.610,Coin cuisine
2020-03-29 10:59:07.567,2020-03-29 10:59:24.081,Couloir principal
2020-03-29 10:59:24.081,2020-03-29 11:40:29.411,Chambre à coucher
2020-03-29 11:41:41.737,2020-03-29 11:42:38.003,Chambre à coucher
2020-03-29 11:43:18.960,2020-03-29 11:43:31.964,Toilette
2020-03-29 11:43:31.964,2020-03-29 11:44:43.789,Couloir principal
2020-03-29 11:44:29.448,2020-03-29 11:45:03.315,Coin cuisine
2020-03-29 11:45:03.315,2020-03-29 11:46:17.299,Terrasse
2020-03-29 11:46:17.299,2020-03-29 11:46:25.415,Coin cuisine
2020-03-29 11:46:25.415,2020-03-29 11:47:39.410,Couloir principal
2020-03-29 11:47:56.308,2020-03-29 12:02:36.327,Coin cuisine
2020-03-29 12:02:36.327,2020-03-29 12:04:49.413,Couloir principal
2020-03-29 12:04:52.924,2020-03-29 12:07:48.486,Chambre à coucher
2020-03-29 12:19:03.157,2020-03-29 12:21:16.771,Chambre à coucher
2020-03-29 12:30:39.197,2020-03-29 12:30:42.572,Couloir principal
2020-03-29 13:12:15.327,2020-03-29 13:12:31.244,Placard cuisine
2020-03-29 13:12:31.244,2020-03-29 13:15:04.138,Coin cuisine
2020-03-29 13:15:04.138,2020-03-29 13:15:46.759,Placard cuisine
2020-03-29 13:15:46.759,2020-03-29 13:18:32.503,Coin cuisine
2020-03-29 13:33:07.614,2020-03-29 13:58:47.820,Coin cuisine
2020-03-29 13:58:47.820,2020-03-29 13:58:54.956,Couloir principal
2020-03-29 13:58:54.956,2020-03-29 14:00:28.896,Couloir principal
2020-03-29 13:58:59.588,2020-03-29 14:02:43.018,Toilette
2020-03-29 14:00:28.896,2020-03-29 14:02:45.899,Couloir principal
2020-03-29 14:02:45.899,2020-03-29 14:09:41.047,Coin cuisine
2020-03-29 16:08:43.593,2020-03-29 16:13:33.984,Coin cuisine
2020-03-29 16:13:33.984,2020-03-29 16:13:54.257,Couloir principal
2020-03-29 16:13:54.257,2020-03-29 16:18:11.106,Toilette
2020-03-29 16:25:42.037,2020-03-29 16:28:32.113,Couloir principal
2020-03-29 16:28:31.162,2020-03-29 16:28:40.264,Chambre 2
2020-03-29 19:37:32.016,2020-03-29 19:37:35.950,Couloir principal
2020-03-29 19:40:31.210,2020-03-29 19:41:41.939,Chambre à coucher
2020-03-29 19:41:41.939,2020-03-29 19:42:11.937,Couloir principal
2020-03-29 19:42:11.937,2020-03-29 19:42:15.346,Chambre 2
2020-03-29 19:42:16.205,2020-03-29 19:42:19.130,Couloir principal
2020-03-29 19:42:19.130,2020-03-29 19:49:27.173,Terrasse
2020-03-29 19:49:27.173,2020-03-29 19:54:07.421,Coin cuisine
2020-03-29 19:54:07.421,2020-03-29 19:55:02.615,Placard cuisine
2020-03-29 19:55:02.615,2020-03-29 19:55:14.701,Coin cuisine
2020-03-29 19:55:14.701,2020-03-29 19:55:57.302,Placard cuisine
2020-03-29 19:55:16.288,2020-03-29 19:56:54.863,Coin cuisine
2020-03-29 19:55:57.302,2020-03-29 19:57:07.233,Réfrigérateur
2020-03-29 21:38:56.767,2020-03-29 21:39:11.430,Couloir principal
2020-03-29 21:39:11.430,2020-03-29 21:40:57.257,Toilette
2020-03-29 21:40:57.257,2020-03-29 21:41:04.651,Coin cuisine
2020-03-29 21:41:01.571,2020-03-29 21:41:39.046,Couloir principal
2020-03-29 23:30:55.922,2020-03-29 23:32:53.068,Couloir principal
2020-03-29 23:32:53.068,2020-03-29 23:41:14.683,Chambre à coucher
2020-03-29 23:41:14.683,2020-03-29 23:41:30.624,Couloir principal
2020-03-30 00:12:03.959,2020-03-30 00:12:10.885,Réfrigérateur
2020-03-30 00:12:10.885,2020-03-30 00:14:20.074,Coin cuisine
2020-03-30 00:14:25.016,2020-03-30 00:19:40.095,Couloir principal
2020-03-30 00:19:40.095,2020-03-30 02:05:32.350,Chambre à coucher
2020-03-30 02:05:32.350,2020-03-30 02:07:41.796,Toilette
2020-03-30 02:07:41.796,2020-03-30 04:33:50.531,Chambre à coucher
2020-03-30 04:33:50.531,2020-03-30 04:35:25.586,Toilette
2020-03-30 04:35:25.586,2020-03-30 07:59:50.417,Chambre à coucher
2020-03-30 07:59:50.417,2020-03-30 08:02:04.236,Toilette
2020-03-30 08:02:04.236,2020-03-30 08:07:36.624,Chambre à coucher
2020-03-30 08:07:36.624,2020-03-30 08:45:49.622,Sortie de maison
2020-03-30 08:45:49.622,2020-03-30 09:10:07.195,Chambre à coucher
2020-03-30 09:10:43.656,2020-03-30 09:13:35.135,Chambre à coucher
2020-03-30 09:13:35.135,2020-03-30 09:17:07.717,Toilette
2020-03-30 09:15:00.522,2020-03-30 09:17:13.678,Couloir principal
2020-03-30 09:17:13.678,2020-03-30 09:19:07.574,Coin cuisine
2020-03-30 09:19:07.574,2020-03-30 09:19:49.693,Placard cuisine
2020-03-30 09:19:12.220,2020-03-30 09:19:52.506,Coin cuisine
2020-03-30 09:19:49.693,2020-03-30 09:21:25.854,Placard cuisine
2020-03-30 09:21:25.854,2020-03-30 09:24:02.705,Coin cuisine
2020-03-30 09:24:02.705,2020-03-30 09:27:03.135,Réfrigérateur
2020-03-30 09:27:03.135,2020-03-30 09:27:06.569,Coin cuisine
2020-03-30 09:27:06.569,2020-03-30 09:27:34.112,Couloir principal
2020-03-30 09:27:34.112,2020-03-30 09:38:30.825,Chambre à coucher
2020-03-30 09:38:30.825,2020-03-30 09:39:11.590,Couloir principal
2020-03-30 09:39:11.590,2020-03-30 09:39:11.830,Chambre à coucher
2020-03-30 09:39:19.584,2020-03-30 09:41:55.778,Coin cuisine
2020-03-30 09:41:55.778,2020-03-30 09:46:07.827,Réfrigérateur
2020-03-30 09:44:04.764,2020-03-30 09:46:11.717,Coin cuisine
2020-03-30 09:46:11.717,2020-03-30 09:46:25.190,Coin cuisine
2020-03-30 09:46:16.321,2020-03-30 09:50:22.960,Terrasse
2020-03-30 09:50:22.960,2020-03-30 09:58:47.728,Coin cuisine
2020-03-30 09:58:48.716,2020-03-30 09:58:59.782,Couloir principal
2020-03-30 09:59:02.627,2020-03-30 10:02:48.600,Chambre à coucher
2020-03-30 10:02:48.600,2020-03-30 10:03:26.318,Toilette
2020-03-30 10:27:59.505,2020-03-30 10:32:29.349,Couloir principal
2020-03-30 10:32:29.349,2020-03-30 10:33:16.254,Coin cuisine
2020-03-30 10:33:20.910,2020-03-30 10:33:50.368,Couloir principal
2020-03-30 10:48:51.415,2020-03-30 10:48:58.332,Couloir principal
2020-03-30 10:48:58.332,2020-03-30 11:05:21.781,Coin cuisine
2020-03-30 11:05:21.781,2020-03-30 11:06:46.793,Placard cuisine
2020-03-30 11:06:46.793,2020-03-30 11:07:07.562,Coin cuisine
2020-03-30 11:07:15.239,2020-03-30 11:07:27.717,Placard cuisine
2020-03-30 11:07:28.992,2020-03-30 11:21:37.036,Coin cuisine
2020-03-30 11:21:37.036,2020-03-30 11:22:18.855,Couloir principal
2020-03-30 11:22:11.888,2020-03-30 11:26:39.759,Toilette
2020-03-30 11:22:18.855,2020-03-30 11:26:46.628,Couloir principal
2020-03-30 12:10:21.638,2020-03-30 12:11:06.781,Réfrigérateur
2020-03-30 12:14:08.452,2020-03-30 12:14:13.181,Coin cuisine
2020-03-30 12:28:05.514,2020-03-30 12:28:15.680,Coin cuisine
2020-03-30 12:28:15.680,2020-03-30 12:29:12.874,Toilette
2020-03-30 12:29:07.274,2020-03-30 12:29:14.647,Couloir principal
2020-03-30 13:23:09.962,2020-03-30 13:24:30.907,Couloir principal
2020-03-30 13:23:13.817,2020-03-30 13:24:48.952,Toilette
2020-03-30 13:24:30.907,2020-03-30 13:24:53.810,Couloir principal
2020-03-30 13:24:55.689,2020-03-30 13:33:15.955,Coin cuisine
2020-03-30 13:33:19.656,2020-03-30 13:33:30.124,Couloir principal
2020-03-30 13:33:30.124,2020-03-30 13:33:36.694,Coin cuisine
2020-03-30 13:33:36.694,2020-03-30 13:55:37.008,Coin cuisine
2020-03-30 13:55:37.008,2020-03-30 13:55:41.919,Réfrigérateur
2020-03-30 15:34:57.416,2020-03-30 15:35:03.877,Couloir principal
2020-03-30 15:35:03.877,2020-03-30 15:36:34.065,Toilette
2020-03-30 15:36:42.665,2020-03-30 15:37:30.928,Chambre à coucher
2020-03-30 15:37:41.339,2020-03-30 15:39:56.108,Couloir principal
2020-03-30 15:40:05.558,2020-03-30 15:43:16.445,Coin cuisine
2020-03-30 15:43:20.632,2020-03-30 15:44:15.581,Placard cuisine
2020-03-30 15:44:15.581,2020-03-30 15:44:27.537,Coin cuisine
2020-03-30 15:44:23.829,2020-03-30 15:45:23.733,Placard cuisine
2020-03-30 17:32:50.472,2020-03-30 17:33:06.341,Couloir principal
2020-03-30 17:32:55.638,2020-03-30 17:37:25.034,Toilette
2020-03-30 17:33:06.341,2020-03-30 17:37:33.356,Couloir principal
2020-03-30 18:28:16.625,2020-03-30 18:29:46.206,Couloir principal
2020-03-30 18:28:27.038,2020-03-30 18:30:18.806,Chambre à coucher
2020-03-30 18:29:46.206,2020-03-30 18:30:23.638,Couloir principal
2020-03-30 18:30:18.806,2020-03-30 18:30:25.146,Coin cuisine
2020-03-30 18:30:37.101,2020-03-30 18:40:16.826,Coin cuisine
2020-03-30 20:18:39.987,2020-03-30 20:18:46.079,Couloir principal
2020-03-30 20:18:46.079,2020-03-30 20:18:53.869,Couloir principal
2020-03-30 20:18:49.242,2020-03-30 20:20:00.579,Toilette
2020-03-30 20:20:00.579,2020-03-30 20:20:03.499,Couloir principal
2020-03-30 20:20:03.499,2020-03-30 20:20:13.638,Toilette
2020-03-30 20:20:08.975,2020-03-30 20:20:22.305,Coin cuisine
2020-03-30 20:24:16.481,2020-03-30 20:48:53.246,Coin cuisine
2020-03-30 20:48:53.246,2020-03-30 20:48:57.741,Placard cuisine
2020-03-30 20:48:54.377,2020-03-30 20:49:02.818,Coin cuisine
2020-03-30 20:48:57.741,2020-03-30 20:49:04.630,Placard cuisine
2020-03-30 20:49:04.630,2020-03-30 21:12:13.067,Coin cuisine
2020-03-30 21:12:13.067,2020-03-30 21:12:18.453,Placard cuisine
2020-03-30 21:12:18.453,2020-03-30 21:28:18.064,Coin cuisine
2020-03-30 22:36:00.707,2020-03-30 22:36:09.984,Couloir principal
2020-03-30 22:36:09.984,2020-03-30 22:37:46.305,Toilette
2020-03-30 22:37:50.960,2020-03-30 22:38:02.709,Chambre à coucher
2020-03-30 22:38:02.709,2020-03-30 22:38:29.251,Couloir principal
2020-03-31 00:20:22.548,2020-03-31 00:26:16.031,Coin cuisine
2020-03-31 00:26:16.031,2020-03-31 00:26:49.634,Chambre à coucher
2020-03-31 00:26:49.634,2020-03-31 00:30:07.676,Toilette
2020-03-31 00:30:07.676,2020-03-31 06:04:52.547,Chambre à coucher
2020-03-31 06:04:52.547,2020-03-31 06:06:41.457,Toilette
2020-03-31 06:06:41.457,2020-03-31 07:52:04.208,Chambre à coucher
2020-03-31 07:54:37.562,2020-03-31 07:56:34.311,Chambre à coucher
2020-03-31 08:00:59.837,2020-03-31 08:01:01.696,Couloir principal
2020-03-31 08:01:01.696,2020-03-31 08:04:21.940,Coin cuisine
2020-03-31 08:01:05.020,2020-03-31 08:05:32.233,Terrasse
2020-03-31 08:05:32.233,2020-03-31 08:09:49.965,Coin cuisine
2020-03-31 08:09:50.839,2020-03-31 08:09:55.757,Placard cuisine
2020-03-31 08:09:57.378,2020-03-31 08:13:02.719,Coin cuisine
2020-03-31 08:13:02.719,2020-03-31 08:13:14.205,Placard cuisine
2020-03-31 08:43:37.764,2020-03-31 08:44:38.163,Réfrigérateur
2020-03-31 08:44:38.163,2020-03-31 08:58:11.414,Coin cuisine
2020-03-31 08:58:11.414,2020-03-31 08:58:22.148,Couloir principal
2020-03-31 08:58:24.742,2020-03-31 09:25:13.054,Chambre à coucher
2020-03-31 09:29:50.832,2020-03-31 09:29:54.332,Couloir principal
2020-03-31 09:41:54.837,2020-03-31 09:52:01.516,Coin cuisine
2020-03-31 10:28:50.899,2020-03-31 10:28:56.358,Coin cuisine
2020-03-31 10:28:52.040,2020-03-31 10:30:04.317,Toilette
2020-03-31 10:28:56.358,2020-03-31 10:30:13.552,Couloir principal
2020-03-31 10:30:04.317,2020-03-31 10:40:16.420,Coin cuisine
2020-03-31 10:40:16.420,2020-03-31 10:46:19.346,Coin cuisine
2020-03-31 10:40:18.673,2020-03-31 10:47:53.661,Toilette
2020-03-31 10:46:19.346,2020-03-31 10:47:54.937,Coin cuisine
2020-03-31 10:47:54.937,2020-03-31 11:01:25.826,Coin cuisine
2020-03-31 11:01:25.826,2020-03-31 11:04:32.748,Couloir principal
2020-03-31 11:04:39.498,2020-03-31 11:05:13.552,Coin cuisine
2020-03-31 11:05:13.552,2020-03-31 11:05:42.206,Couloir principal
2020-03-31 11:05:42.206,2020-03-31 11:33:41.733,Chambre à coucher
2020-03-31 11:33:41.733,2020-03-31 11:35:18.692,Chambre 2
2020-03-31 11:35:16.210,2020-03-31 11:35:25.021,Couloir principal
2020-03-31 11:35:25.021,2020-03-31 11:54:37.645,Coin cuisine
2020-03-31 11:54:37.645,2020-03-31 11:54:57.782,Couloir principal
2020-03-31 11:54:44.050,2020-03-31 11:57:49.382,Toilette
2020-03-31 11:54:57.782,2020-03-31 11:58:35.057,Chambre 2
2020-03-31 11:58:35.057,2020-03-31 11:58:39.972,Couloir principal
2020-03-31 11:58:44.712,2020-03-31 12:11:56.855,Coin cuisine
2020-03-31 12:32:02.944,2020-03-31 12:32:34.610,Réfrigérateur
2020-03-31 12:32:34.610,2020-03-31 12:37:11.248,Coin cuisine
2020-03-31 12:37:11.248,2020-03-31 12:37:57.601,Réfrigérateur
2020-03-31 12:38:08.220,2020-03-31 12:41:39.038,Coin cuisine
2020-03-31 12:41:39.038,2020-03-31 12:41:44.494,Placard cuisine
2020-03-31 12:41:44.494,2020-03-31 12:47:15.291,Coin cuisine
2020-03-31 13:31:03.633,2020-03-31 13:31:44.824,Coin cuisine
2020-03-31 13:31:44.824,2020-03-31 13:31:52.899,Couloir principal
2020-03-31 13:31:52.899,2020-03-31 13:32:52.376,Toilette
2020-03-31 13:32:52.376,2020-03-31 13:35:02.937,Couloir principal
2020-03-31 16:25:23.919,2020-03-31 16:30:31.019,Couloir principal
2020-03-31 16:30:27.133,2020-03-31 16:32:58.272,Coin cuisine
2020-03-31 16:39:21.594,2020-03-31 16:41:54.115,Coin cuisine
2020-03-31 16:41:55.708,2020-03-31 16:42:24.877,Placard cuisine
2020-03-31 16:42:57.482,2020-03-31 16:44:26.663,Coin cuisine
2020-03-31 16:44:26.663,2020-03-31 16:45:01.218,Placard cuisine
2020-03-31 18:43:28.084,2020-03-31 18:46:40.813,Couloir principal
2020-03-31 18:46:40.813,2020-03-31 18:51:42.476,Couloir principal
2020-03-31 18:51:41.193,2020-03-31 18:52:46.055,Chambre 2
2020-03-31 18:51:42.476,2020-03-31 18:52:50.150,Couloir principal
2020-03-31 18:52:50.150,2020-03-31 19:17:04.989,Coin cuisine
2020-03-31 19:17:04.989,2020-03-31 19:18:53.704,Réfrigérateur
2020-03-31 19:18:53.704,2020-03-31 19:25:36.498,Coin cuisine
2020-03-31 19:25:38.371,2020-03-31 19:25:45.288,Placard cuisine
2020-03-31 19:25:48.142,2020-03-31 19:44:01.443,Coin cuisine
2020-03-31 19:52:37.453,2020-03-31 19:57:36.924,Coin cuisine
2020-03-31 19:52:42.661,2020-03-31 19:57:39.096,Chambre 2
2020-03-31 19:57:36.924,2020-03-31 19:57:45.643,Couloir principal
2020-03-31 19:57:45.643,2020-03-31 20:11:44.159,Coin cuisine
2020-03-31 20:17:17.189,2020-03-31 20:23:02.816,Coin cuisine
2020-03-31 20:23:02.816,2020-03-31 20:24:04.155,Réfrigérateur
2020-03-31 20:24:04.155,2020-03-31 20:24:06.822,Coin cuisine
2020-03-31 20:24:06.822,2020-03-31 20:24:15.225,Placard cuisine
2020-03-31 20:24:09.882,2020-03-31 20:25:03.917,Coin cuisine
2020-03-31 20:24:15.225,2020-03-31 20:25:17.520,Réfrigérateur
2020-03-31 20:25:03.917,2020-03-31 20:25:20.939,Coin cuisine
2020-03-31 20:25:20.939,2020-03-31 20:25:26.356,Réfrigérateur
2020-03-31 20:25:51.613,2020-03-31 20:39:10.998,Coin cuisine
2020-03-31 20:39:10.998,2020-03-31 20:39:19.897,Placard cuisine
2020-03-31 22:38:18.282,2020-03-31 22:40:09.645,Coin cuisine
2020-03-31 22:40:09.645,2020-03-31 22:40:40.548,Chambre à coucher
2020-03-31 22:40:40.548,2020-03-31 22:41:04.122,Couloir principal
2020-04-01 00:13:15.281,2020-04-01 00:14:09.703,Couloir principal
2020-04-01 00:14:09.703,2020-04-01 08:18:02.037,Chambre à coucher
2020-04-01 08:18:02.037,2020-04-01 08:19:55.408,Toilette
2020-04-01 08:20:26.914,2020-04-01 08:22:18.354,Chambre à coucher
2020-04-01 08:22:18.354,2020-04-01 08:25:15.108,Couloir principal
2020-04-01 08:25:08.923,2020-04-01 08:26:28.856,Coin cuisine
2020-04-01 08:25:15.108,2020-04-01 08:26:45.723,Terrasse
2020-04-01 08:26:45.723,2020-04-01 08:28:39.295,Coin cuisine
2020-04-01 08:28:40.373,2020-04-01 08:29:08.502,Placard cuisine
2020-04-01 08:29:10.819,2020-04-01 08:29:46.351,Coin cuisine
2020-04-01 08:29:46.351,2020-04-01 08:32:20.480,Réfrigérateur
2020-04-01 08:32:20.480,2020-04-01 08:39:11.518,Coin cuisine
2020-04-01 08:39:11.518,2020-04-01 08:40:03.734,Terrasse
2020-04-01 09:12:43.771,2020-04-01 09:13:48.226,Réfrigérateur
2020-04-01 09:14:43.701,2020-04-01 09:36:00.450,Coin cuisine
2020-04-01 09:36:00.450,2020-04-01 09:36:14.827,Couloir principal
2020-04-01 09:39:25.178,2020-04-01 09:42:50.307,Coin cuisine
2020-04-01 09:43:16.379,2020-04-01 09:43:48.279,Couloir principal
2020-04-01 09:45:41.643,2020-04-01 11:28:22.614,Chambre à coucher
2020-04-01 11:28:37.639,2020-04-01 11:32:08.419,Toilette
2020-04-01 11:30:17.921,2020-04-01 11:32:09.797,Chambre 2
2020-04-01 11:32:08.419,2020-04-01 11:32:14.385,Couloir principal
2020-04-01 11:32:16.218,2020-04-01 11:32:40.481,Coin cuisine
2020-04-01 11:33:44.739,2020-04-01 11:34:35.986,Réfrigérateur
2020-04-01 12:05:17.275,2020-04-01 12:22:52.492,Coin cuisine
2020-04-01 12:22:52.492,2020-04-01 12:23:13.859,Placard cuisine
2020-04-01 12:22:54.690,2020-04-01 12:23:15.778,Coin cuisine
2020-04-01 12:28:44.242,2020-04-01 12:29:54.283,Coin cuisine
2020-04-01 12:30:34.096,2020-04-01 12:30:55.170,Réfrigérateur
2020-04-01 12:30:55.170,2020-04-01 12:33:53.094,Coin cuisine
2020-04-01 12:33:40.075,2020-04-01 12:33:57.441,Réfrigérateur
2020-04-01 12:33:57.441,2020-04-01 12:36:15.336,Coin cuisine
2020-04-01 12:36:16.724,2020-04-01 12:36:26.706,Placard cuisine
2020-04-01 12:36:28.302,2020-04-01 12:47:57.341,Coin cuisine
2020-04-01 12:47:57.341,2020-04-01 12:52:16.590,Couloir principal
2020-04-01 12:48:01.528,2020-04-01 12:54:02.764,Toilette
2020-04-01 12:52:16.590,2020-04-01 12:54:07.013,Couloir principal
2020-04-01 12:54:56.948,2020-04-01 12:57:51.053,Coin cuisine
2020-04-01 12:57:53.154,2020-04-01 12:58:10.181,Réfrigérateur
2020-04-01 13:50:22.499,2020-04-01 13:50:22.612,Placard cuisine
2020-04-01 15:58:59.204,2020-04-01 15:59:08.772,Placard cuisine
2020-04-01 15:59:08.772,2020-04-01 16:02:02.637,Coin cuisine
2020-04-01 16:02:02.637,2020-04-01 16:02:08.092,Couloir principal
2020-04-01 16:02:08.092,2020-04-01 16:04:20.253,Toilette
2020-04-01 16:04:39.791,2020-04-01 16:05:58.367,Chambre à coucher
2020-04-01 16:05:58.367,2020-04-01 16:06:08.089,Couloir principal
2020-04-01 16:06:06.818,2020-04-01 16:06:09.272,Coin cuisine
2020-04-01 16:46:13.581,2020-04-01 17:10:26.188,Coin cuisine
2020-04-01 17:10:26.188,2020-04-01 17:10:47.150,Placard cuisine
2020-04-01 17:46:17.957,2020-04-01 17:46:44.864,Placard cuisine
2020-04-01 17:46:44.864,2020-04-01 17:47:39.946,Coin cuisine
2020-04-01 17:47:39.946,2020-04-01 17:48:14.961,Placard cuisine
2020-04-01 17:48:14.961,2020-04-01 17:49:05.156,Coin cuisine
2020-04-01 17:49:05.156,2020-04-01 17:49:14.594,Placard cuisine
2020-04-01 17:49:14.594,2020-04-01 18:02:39.936,Coin cuisine
2020-04-01 18:02:43.704,2020-04-01 18:03:56.589,Couloir principal
2020-04-01 18:03:56.589,2020-04-01 18:04:06.549,Toilette
2020-04-01 18:04:06.549,2020-04-01 18:04:12.072,Couloir principal
2020-04-01 20:13:32.492,2020-04-01 20:13:34.916,Couloir principal
2020-04-01 20:13:34.916,2020-04-01 20:17:30.540,Toilette
2020-04-01 20:17:30.540,2020-04-01 20:17:52.481,Chambre à coucher
2020-04-01 20:17:52.481,2020-04-01 20:18:07.514,Coin cuisine
2020-04-01 20:18:04.008,2020-04-01 20:18:24.943,Couloir principal
2020-04-01 20:18:24.943,2020-04-01 20:24:37.087,Coin cuisine
2020-04-01 20:24:37.087,2020-04-01 20:28:54.737,Terrasse
2020-04-01 20:28:54.737,2020-04-01 20:30:41.815,Coin cuisine
2020-04-01 20:30:41.815,2020-04-01 20:35:32.231,Terrasse
2020-04-01 20:35:32.231,2020-04-01 20:36:29.885,Coin cuisine
2020-04-01 20:36:33.135,2020-04-01 20:36:38.068,Placard cuisine
2020-04-01 20:36:39.812,2020-04-01 20:36:49.408,Coin cuisine
2020-04-01 20:36:50.514,2020-04-01 20:40:34.465,Coin cuisine
2020-04-01 20:39:04.454,2020-04-01 20:40:36.019,Réfrigérateur
2020-04-01 20:40:34.465,2020-04-01 20:40:51.956,Coin cuisine
2020-04-01 20:40:36.019,2020-04-01 20:41:23.720,Réfrigérateur
2020-04-01 20:41:23.720,2020-04-01 21:02:04.412,Coin cuisine
2020-04-01 21:02:39.945,2020-04-01 21:02:51.952,Réfrigérateur
2020-04-01 23:10:50.457,2020-04-01 23:15:37.341,Coin cuisine
2020-04-01 23:15:49.586,2020-04-01 23:21:34.242,Toilette
2020-04-01 23:21:34.242,2020-04-01 23:21:48.426,Chambre à coucher
2020-04-01 23:33:59.580,2020-04-01 23:36:27.705,Coin cuisine
2020-04-01 23:36:27.705,2020-04-01 23:37:16.417,Couloir principal
2020-04-01 23:37:14.755,2020-04-01 23:37:24.699,Coin cuisine
2020-04-01 23:37:16.417,2020-04-01 23:37:27.335,Couloir principal
2020-04-01 23:37:27.335,2020-04-02 01:53:18.372,Chambre à coucher
2020-04-02 01:53:18.372,2020-04-02 01:55:31.277,Toilette
2020-04-02 01:55:31.277,2020-04-02 03:08:21.238,Chambre à coucher
2020-04-02 03:20:44.603,2020-04-02 03:31:30.731,Coin cuisine
2020-04-02 03:31:30.731,2020-04-02 03:52:04.220,Chambre à coucher
2020-04-02 03:52:04.220,2020-04-02 03:53:58.548,Coin cuisine
2020-04-02 04:32:38.299,2020-04-02 08:59:45.908,Chambre à coucher
2020-04-02 08:59:45.908,2020-04-02 09:04:10.225,Couloir principal
2020-04-02 09:04:10.225,2020-04-02 09:04:15.884,Couloir principal
2020-04-02 09:04:15.884,2020-04-02 09:09:11.065,Coin cuisine
2020-04-02 09:09:11.065,2020-04-02 09:09:58.685,Placard cuisine
2020-04-02 09:09:20.554,2020-04-02 09:10:00.282,Coin cuisine
2020-04-02 09:09:58.685,2020-04-02 09:10:04.593,Placard cuisine
2020-04-02 09:38:19.149,2020-04-02 09:41:38.235,Couloir principal
2020-04-02 09:41:38.235,2020-04-02 10:10:20.871,Chambre à coucher
2020-04-02 10:10:20.871,2020-04-02 10:10:27.542,Couloir principal
2020-04-02 10:10:24.210,2020-04-02 10:10:31.215,Coin cuisine
2020-04-02 10:11:59.650,2020-04-02 10:13:46.456,Coin cuisine
2020-04-02 10:13:46.456,2020-04-02 10:14:20.211,Couloir principal
2020-04-02 10:14:20.211,2020-04-02 10:43:20.582,Chambre à coucher
2020-04-02 10:43:20.582,2020-04-02 10:45:16.299,Couloir principal
2020-04-02 10:45:16.299,2020-04-02 10:46:16.922,Coin cuisine
2020-04-02 10:46:16.922,2020-04-02 10:46:28.517,Placard cuisine
2020-04-02 10:46:28.517,2020-04-02 10:48:47.403,Coin cuisine
2020-04-02 10:48:59.663,2020-04-02 10:49:17.409,Couloir principal
2020-04-02 11:41:35.853,2020-04-02 11:42:56.235,Couloir principal
2020-04-02 11:42:56.235,2020-04-02 11:46:27.079,Coin cuisine
2020-04-02 11:46:27.079,2020-04-02 11:46:30.365,Couloir principal
2020-04-02 11:46:28.979,2020-04-02 11:46:45.088,Coin cuisine
2020-04-02 11:46:30.365,2020-04-02 11:46:46.676,Couloir principal
2020-04-02 12:20:07.859,2020-04-02 12:27:48.542,Coin cuisine
2020-04-02 12:27:44.472,2020-04-02 12:28:00.538,Placard cuisine
2020-04-02 12:27:48.542,2020-04-02 12:28:43.767,Réfrigérateur
2020-04-02 12:28:43.767,2020-04-02 12:48:13.279,Coin cuisine
2020-04-02 12:48:13.279,2020-04-02 12:50:18.247,Réfrigérateur
2020-04-02 12:50:18.247,2020-04-02 12:50:27.871,Coin cuisine
2020-04-02 12:50:27.871,2020-04-02 12:50:37.341,Placard cuisine
2020-04-02 12:50:37.341,2020-04-02 12:50:51.676,Coin cuisine
2020-04-02 12:50:51.676,2020-04-02 12:54:11.179,Réfrigérateur
2020-04-02 13:27:12.415,2020-04-02 13:27:27.120,Couloir principal
2020-04-02 13:27:16.067,2020-04-02 13:29:54.009,Toilette
2020-04-02 13:29:54.009,2020-04-02 13:30:12.879,Couloir principal
2020-04-02 13:30:12.879,2020-04-02 13:38:08.720,Coin cuisine
2020-04-02 13:38:08.720,2020-04-02 13:38:45.802,Réfrigérateur
2020-04-02 13:38:45.802,2020-04-02 13:45:37.152,Coin cuisine
2020-04-02 13:52:16.993,2020-04-02 13:52:19.093,Couloir principal
2020-04-02 13:52:18.015,2020-04-02 13:52:21.135,Coin cuisine
2020-04-02 13:52:19.093,2020-04-02 13:55:28.590,Chambre 2
2020-04-02 13:52:21.135,2020-04-02 13:55:35.142,Couloir principal
2020-04-02 15:19:18.924,2020-04-02 15:19:30.354,Couloir principal
2020-04-02 15:19:35.803,2020-04-02 15:20:00.821,Coin cuisine
2020-04-02 15:20:00.821,2020-04-02 15:21:01.121,Couloir principal
2020-04-02 15:20:03.396,2020-04-02 15:21:08.200,Toilette
2020-04-02 17:01:09.522,2020-04-02 17:03:17.313,Couloir principal
2020-04-02 17:01:16.702,2020-04-02 17:03:34.252,Toilette
2020-04-02 17:03:34.252,2020-04-02 17:04:00.448,Salle de bain
2020-04-02 17:04:06.809,2020-04-02 17:04:10.699,Coin cuisine
2020-04-02 17:04:08.986,2020-04-02 17:04:22.310,Couloir principal
2020-04-02 17:04:22.310,2020-04-02 17:28:45.320,Coin cuisine
2020-04-02 17:28:45.320,2020-04-02 17:40:42.814,Terrasse
2020-04-02 17:40:42.814,2020-04-02 17:46:53.543,Coin cuisine
2020-04-02 17:46:53.543,2020-04-02 17:47:27.784,Couloir principal
2020-04-02 17:46:54.915,2020-04-02 17:49:24.861,Chambre 2
2020-04-02 17:47:27.784,2020-04-02 17:54:38.810,Toilette
2020-04-02 17:49:24.861,2020-04-02 17:54:46.186,Salle de bain
2020-04-02 18:15:28.539,2020-04-02 18:17:53.080,Coin cuisine
2020-04-02 18:17:54.702,2020-04-02 18:20:15.731,Couloir principal
2020-04-02 19:14:42.603,2020-04-02 19:16:21.023,Coin cuisine
2020-04-02 19:16:21.023,2020-04-02 19:16:33.021,Couloir principal
2020-04-02 19:16:33.021,2020-04-02 19:18:01.741,Toilette
2020-04-02 19:18:01.741,2020-04-02 19:18:09.268,Couloir principal
2020-04-02 19:18:09.268,2020-04-02 19:23:18.775,Coin cuisine
2020-04-02 19:23:18.775,2020-04-02 19:23:51.815,Placard cuisine
2020-04-02 19:23:51.815,2020-04-02 19:25:01.420,Coin cuisine
2020-04-02 19:25:01.420,2020-04-02 19:25:51.073,Placard cuisine
2020-04-02 19:25:51.073,2020-04-02 19:30:16.368,Coin cuisine
2020-04-02 19:32:15.360,2020-04-02 19:32:20.238,Placard cuisine
2020-04-02 19:32:22.815,2020-04-02 19:32:22.935,Coin cuisine
2020-04-02 19:32:22.935,2020-04-02 19:32:29.840,Placard cuisine
2020-04-02 19:32:29.840,2020-04-02 19:33:25.823,Coin cuisine
2020-04-02 19:33:25.823,2020-04-02 19:34:28.653,Placard cuisine
2020-04-02 19:34:28.653,2020-04-02 19:34:28.802,Coin cuisine
2020-04-02 19:34:28.802,2020-04-02 19:34:37.745,Placard cuisine
2020-04-02 19:34:37.745,2020-04-02 19:35:39.256,Coin cuisine
2020-04-02 19:35:39.256,2020-04-02 19:37:11.884,Réfrigérateur
2020-04-02 19:37:11.884,2020-04-02 19:55:56.331,Coin cuisine
2020-04-02 19:55:57.723,2020-04-02 19:56:07.671,Placard cuisine
2020-04-02 19:56:11.468,2020-04-02 19:57:20.357,Coin cuisine
2020-04-02 19:57:20.357,2020-04-02 19:57:49.789,Réfrigérateur
2020-04-02 19:57:49.789,2020-04-02 19:58:06.301,Coin cuisine
2020-04-02 19:58:06.301,2020-04-02 19:58:39.839,Réfrigérateur
2020-04-02 19:58:39.839,2020-04-02 20:00:01.532,Coin cuisine
2020-04-02 20:00:01.532,2020-04-02 20:00:43.234,Placard cuisine
2020-04-02 20:00:07.834,2020-04-02 20:00:44.500,Coin cuisine
2020-04-02 20:00:43.234,2020-04-02 20:00:55.536,Placard cuisine
2020-04-02 20:00:44.500,2020-04-02 20:00:56.990,Coin cuisine
2020-04-02 20:00:55.536,2020-04-02 20:01:01.447,Placard cuisine
2020-04-02 20:29:31.969,2020-04-02 20:30:29.190,Réfrigérateur
2020-04-02 20:30:29.190,2020-04-02 20:32:04.922,Coin cuisine
2020-04-02 21:52:53.776,2020-04-02 21:54:17.268,Couloir principal
2020-04-02 21:53:00.174,2020-04-02 21:54:43.402,Toilette
2020-04-02 21:54:17.268,2020-04-02 21:54:47.450,Couloir principal
2020-04-02 23:36:00.561,2020-04-02 23:41:39.670,Coin cuisine
2020-04-02 23:41:33.969,2020-04-02 23:42:58.991,Couloir principal
2020-04-02 23:42:58.991,2020-04-02 23:47:17.714,Coin cuisine
2020-04-02 23:47:17.714,2020-04-02 23:50:53.692,Couloir principal
2020-04-03 08:53:34.436,2020-04-03 08:53:49.009,Couloir principal
2020-04-03 08:54:24.238,2020-04-03 08:56:25.668,Coin cuisine
2020-04-03 08:56:25.668,2020-04-03 08:56:54.075,Réfrigérateur
2020-04-03 08:56:54.075,2020-04-03 08:57:48.211,Coin cuisine
2020-04-03 08:57:48.211,2020-04-03 08:58:17.026,Placard cuisine
2020-04-03 08:58:17.026,2020-04-03 08:59:22.331,Réfrigérateur
2020-04-03 08:59:22.331,2020-04-03 09:00:11.297,Coin cuisine
2020-04-03 08:59:56.676,2020-04-03 09:00:17.546,Placard cuisine
2020-04-03 09:00:17.546,2020-04-03 09:00:26.615,Coin cuisine
2020-04-03 09:00:26.615,2020-04-03 09:00:53.530,Placard cuisine
2020-04-03 09:00:53.530,2020-04-03 09:03:49.716,Coin cuisine
2020-04-03 09:03:49.716,2020-04-03 09:04:40.431,Couloir principal
2020-04-03 09:04:38.837,2020-04-03 09:04:48.438,Coin cuisine
2020-04-03 09:04:40.431,2020-04-03 09:04:58.277,Couloir principal
2020-04-03 09:04:58.277,2020-04-03 09:20:34.147,Coin cuisine
2020-04-03 09:20:34.147,2020-04-03 09:24:00.263,Réfrigérateur
2020-04-03 09:24:00.263,2020-04-03 09:31:49.176,Coin cuisine
2020-04-03 09:31:52.432,2020-04-03 09:32:26.639,Placard cuisine
2020-04-03 09:33:27.831,2020-04-03 09:35:57.287,Coin cuisine
2020-04-03 09:35:57.287,2020-04-03 09:39:43.154,Terrasse
2020-04-03 09:39:43.154,2020-04-03 09:39:47.047,Coin cuisine
2020-04-03 10:09:34.162,2020-04-03 10:10:46.211,Coin cuisine
2020-04-03 11:17:09.116,2020-04-03 11:18:34.317,Coin cuisine
2020-04-03 11:18:34.317,2020-04-03 11:36:48.837,Terrasse
2020-04-03 11:38:09.218,2020-04-03 11:38:42.253,Coin cuisine
2020-04-03 11:39:13.224,2020-04-03 11:52:37.025,Coin cuisine
2020-04-03 12:21:36.251,2020-04-03 12:39:44.894,Coin cuisine
2020-04-03 12:39:44.894,2020-04-03 12:40:06.844,Placard cuisine
2020-04-03 12:40:06.844,2020-04-03 12:40:10.372,Coin cuisine
2020-04-03 12:40:10.372,2020-04-03 12:41:44.478,Réfrigérateur
2020-04-03 12:41:44.478,2020-04-03 12:46:45.629,Coin cuisine
2020-04-03 12:46:45.629,2020-04-03 12:47:23.181,Placard cuisine
2020-04-03 12:47:23.181,2020-04-03 13:04:11.148,Coin cuisine
2020-04-03 13:35:28.413,2020-04-03 13:37:17.837,Terrasse
2020-04-03 13:36:43.128,2020-04-03 13:40:16.882,Toilette
2020-04-03 13:40:16.882,2020-04-03 13:48:17.504,Coin cuisine
2020-04-03 14:33:38.158,2020-04-03 14:33:44.697,Coin cuisine
2020-04-03 14:50:42.313,2020-04-03 15:01:12.847,Coin cuisine
2020-04-03 15:57:47.623,2020-04-03 15:59:42.960,Salle de bain
2020-04-03 15:59:47.372,2020-04-03 16:04:33.825,Coin cuisine
2020-04-09 08:16:35.496,2020-04-09 08:16:36.335,Toilette
2020-04-09 08:16:39.268,2020-04-09 08:21:08.968,Terrasse
2020-04-09 08:18:49.912,2020-04-09 08:25:29.705,Toilette
2020-04-09 09:58:17.788,2020-04-09 10:01:42.591,Toilette
2020-04-09 10:07:44.794,2020-04-09 10:12:06.832,Salle de bain
2020-04-09 10:12:56.182,2020-04-09 10:15:11.292,Chambre 2
2020-04-09 11:23:22.880,2020-04-09 11:23:45.459,Chambre 2
